{"stats":{"minecraft:crafted":{"minecraft:crafting_table":1,"minecraft:wooden_pickaxe":1,"regions_unexplored:joshua_planks":8,"minecraft:stick":8,"minecraft:acacia_planks":12},"minecraft:picked_up":{"jujutsucraft:uniform_normal_boots":1,"regions_unexplored:silt_dirt":5,"regions_unexplored:dead_steppe_shrub":1,"jujutsucraft:uniform_normal_leggings":1,"mowziesmobs:umvuthana_mask_rage":1,"farmersdelight:straw":1,"minecraft:melon_slice":12,"mowziesmobs:umvuthana_mask_misery":1,"jujutsucraft:item_insect":2,"minecraft:acacia_log":3,"regions_unexplored:silt_grass_block":1,"regions_unexplored:joshua_log":2,"alexsmobs:maggot":2,"minecraft:cobblestone":16},"minecraft:mined":{"regions_unexplored:dead_steppe_shrub":1,"minecraft:melon":2,"regions_unexplored:silt_dirt":4,"minecraft:tall_grass":1,"minecraft:grass":2,"regions_unexplored:joshua_log":1,"minecraft:stone":16,"regions_unexplored:silt_grass_block":1},"minecraft:killed":{"jujutsucraft:cursed_spirit_grade_32":2,"jujutsucraft:cursed_spirit_grade_33":2,"jujutsucraft:jujutsu_sorcerer":1,"minecraft:salmon":3,"illagerinvasion:marauder":2,"mowziesmobs:umvuthana_follower_raptor":2,"minecraft:squid":2,"jujutsucraft:cursed_spirit_grade_321":1,"alexsmobs:catfish":3,"jujutsucraft:cursed_spirit_grade_39":3,"minecraft:pillager":1,"jujutsucraft:cursed_spirit_grade_314":1,"jujutsucraft:cursed_spirit_grade_313":1,"jujutsucraft:cursed_spirit_grade_310":1,"alexsmobs:terrapin":1,"friendsandfoes:mauler":1,"alexsmobs:fly":2,"jujutsucraft:cursed_spirit_grade_317":3,"jujutsucraft:cursed_spirit_grade_315":3,"jujutsucraft:cursed_spirit_grade_34":1,"jujutsucraft:cursed_spirit_grade_319":2,"jujutsucraft:cursed_spirit_grade_322":2,"minecraft:player":1,"alexsmobs:jerboa":2},"minecraft:used":{"regions_unexplored:silt_dirt":5,"regions_unexplored:silt_grass_block":1,"minecraft:wooden_pickaxe":21,"regions_unexplored:dead_steppe_shrub":1,"farmersdelight:flint_knife":18,"jujutsucraft:uniform_gojo_boots":1,"minecraft:crafting_table":1,"jujutsucraft:uniform_gojo_chestplate":1,"minecraft:bread":3,"mowziesmobs:umvuthana_mask_rage":1,"jujutsucraft:uniform_gojo_leggings":1,"jujutsucraft:sunglasses_helmet":2},"minecraft:dropped":{"alexsmobs:maggot":2,"mowziesmobs:umvuthana_mask_rage":1,"jujutsucraft:uniform_normal_leggings":2,"farmersdelight:straw":1,"jujutsucraft:uniform_normal_chestplate":1,"jujutsucraft:item_insect":2,"mowziesmobs:umvuthana_mask_misery":1,"jujutsucraft:uniform_normal_boots":2},"minecraft:custom":{"minecraft:mob_kills":49,"minecraft:interact_with_crafting_table":2,"minecraft:damage_dealt_resisted":4130,"minecraft:leave_game":1,"minecraft:time_since_death":2850,"minecraft:climb_one_cm":686,"minecraft:damage_resisted":220,"minecraft:time_since_rest":2886,"minecraft:sprint_one_cm":71419,"minecraft:damage_taken":5204,"minecraft:walk_one_cm":91573,"minecraft:drop":12,"minecraft:damage_dealt":520,"minecraft:swim_one_cm":2821,"minecraft:fly_one_cm":216567,"minecraft:player_kills":2,"minecraft:play_time":26038,"minecraft:deaths":17,"minecraft:walk_under_water_one_cm":3410,"minecraft:jump":784,"minecraft:walk_on_water_one_cm":5341,"minecraft:total_world_time":26038,"minecraft:fall_one_cm":38789},"minecraft:killed_by":{"jujutsucraft:cursed_spirit_grade_24":1,"minecraft:player":7,"jujutsucraft:cursed_spirit_grade_16":2,"jujutsucraft:cursed_spirit_grade_14":1,"alexsmobs:rhinoceros":1,"jujutsucraft:cursed_spirit_grade_213":1,"jujutsucraft:cursed_spirit_grade_06":1,"endermanoverhaul:savanna_enderman":1,"jujutsucraft:cursed_spirit_grade_04":1,"jujutsucraft:curse_user":1}},"DataVersion":3465}