{"stats":{"minecraft:crafted":{"minecraft:crafting_table":2,"minecraft:wooden_pickaxe":1,"minecraft:stone_axe":1,"regions_unexplored:joshua_planks":56,"minecraft:stick":12,"minecraft:stone_pickaxe":1,"minecraft:acacia_planks":12},"minecraft:mined":{"regions_unexplored:dead_steppe_shrub":3,"minecraft:jungle_leaves":2,"minecraft:crafting_table":1,"minecraft:melon":2,"regions_unexplored:silt_dirt":5,"regions_unexplored:small_desert_shrub":1,"minecraft:tall_grass":2,"regions_unexplored:flowering_leaves":2,"minecraft:iron_ore":3,"regions_unexplored:steppe_grass":1,"minecraft:grass":2,"regions_unexplored:joshua_log":13,"minecraft:vine":1,"minecraft:sand":7,"minecraft:stone":19,"regions_unexplored:silt_grass_block":9,"minecraft:fern":1},"minecraft:picked_up":{"minecraft:crafting_table":1,"minecraft:ladder":2,"minecraft:salmon":2,"jujutsucraft:uniform_normal_boots":1,"regions_unexplored:silt_dirt":14,"minecraft:red_mushroom":3,"regions_unexplored:dead_steppe_shrub":2,"minecraft:stone_brick_stairs":1,"farmersdelight:flint_knife":1,"jujutsucraft:uniform_normal_leggings":1,"minecraft:flint_and_steel":1,"wilderwild:bush":1,"minecraft:cracked_stone_bricks":1,"minecraft:bow":1,"mowziesmobs:umvuthana_mask_rage":1,"minecraft:cobbled_deepslate":6,"farmersdelight:straw":1,"minecraft:melon_slice":12,"mowziesmobs:umvuthana_mask_misery":1,"minecraft:stick":14,"minecraft:raw_iron":3,"jujutsucraft:item_insect":2,"minecraft:acacia_log":3,"minecraft:sand":7,"minecraft:redstone":1,"minecraft:spectral_arrow":5,"regions_unexplored:silt_grass_block":1,"minecraft:arrow":14,"regions_unexplored:joshua_log":14,"minecraft:crossbow":1,"minecraft:yellow_terracotta":2,"alexsmobs:maggot":3,"minecraft:glow_berries":3,"minecraft:cobblestone":29},"minecraft:killed":{"jujutsucraft:cursed_spirit_grade_32":3,"jujutsucraft:cursed_spirit_grade_33":5,"jujutsucraft:jujutsu_sorcerer":1,"minecraft:salmon":7,"jujutsucraft:cursed_spirit_grade_37":1,"minecraft:bat":5,"illagerinvasion:marauder":3,"jujutsucraft:cursed_spirit_grade_318":2,"mowziesmobs:umvuthana_follower_raptor":2,"jujutsucraft:curse_user":1,"minecraft:squid":7,"jujutsucraft:cursed_spirit_grade_321":3,"endermanoverhaul:scarab":3,"alexsmobs:catfish":8,"jujutsucraft:cursed_spirit_grade_39":7,"minecraft:pillager":1,"jujutsucraft:cursed_spirit_grade_314":3,"jujutsucraft:cursed_spirit_grade_313":1,"alexsmobs:cockroach":1,"jujutsucraft:cursed_spirit_grade_215":1,"jujutsucraft:crow":1,"wilderwild:tumbleweed":1,"jujutsucraft:cursed_spirit_grade_310":1,"alexsmobs:terrapin":1,"friendsandfoes:mauler":1,"jujutsucraft:cursed_spirit_grade_36":4,"alexsmobs:fly":5,"jujutsucraft:cursed_spirit_grade_317":7,"jujutsucraft:cursed_spirit_grade_315":7,"jujutsucraft:cursed_spirit_grade_34":2,"jujutsucraft:cursed_spirit_grade_319":3,"jujutsucraft:cursed_spirit_grade_322":3,"minecraft:player":2,"minecraft:tropical_fish":3,"alexsmobs:triops":110,"jujutsucraft:q":2,"alexsmobs:jerboa":9,"jujutsucraft:ogami":1},"minecraft:used":{"regions_unexplored:silt_dirt":13,"minecraft:stone_pickaxe":8,"regions_unexplored:silt_grass_block":1,"minecraft:wooden_pickaxe":21,"regions_unexplored:dead_steppe_shrub":1,"minecraft:yellow_terracotta":2,"minecraft:sand":7,"farmersdelight:flint_knife":33,"jujutsucraft:uniform_gojo_boots":1,"minecraft:crafting_table":2,"jujutsucraft:uniform_gojo_chestplate":1,"minecraft:melon_slice":6,"minecraft:bread":3,"minecraft:stone_axe":16,"mowziesmobs:umvuthana_mask_rage":1,"jujutsucraft:uniform_gojo_leggings":1,"minecraft:cobblestone":12,"jujutsucraft:sunglasses_helmet":2},"minecraft:dropped":{"alexsmobs:maggot":3,"mowziesmobs:umvuthana_mask_rage":1,"jujutsucraft:uniform_normal_leggings":2,"farmersdelight:straw":1,"minecraft:salmon":1,"jujutsucraft:uniform_normal_chestplate":1,"farmersdelight:flint_knife":1,"jujutsucraft:item_insect":2,"mowziesmobs:umvuthana_mask_misery":1,"wilderwild:bush":1,"regions_unexplored:dead_steppe_shrub":1,"jujutsucraft:uniform_normal_boots":2,"regions_unexplored:silt_dirt":1},"minecraft:custom":{"minecraft:mob_kills":239,"minecraft:interact_with_crafting_table":3,"minecraft:open_barrel":1,"minecraft:damage_dealt_resisted":11246,"minecraft:leave_game":2,"minecraft:time_since_death":14184,"minecraft:climb_one_cm":2163,"minecraft:damage_resisted":1438,"minecraft:time_since_rest":14242,"minecraft:sprint_one_cm":170883,"minecraft:damage_taken":10086,"minecraft:walk_one_cm":179652,"minecraft:drop":18,"minecraft:damage_dealt":520,"minecraft:swim_one_cm":13864,"minecraft:fly_one_cm":432794,"minecraft:player_kills":4,"minecraft:open_chest":1,"minecraft:crouch_one_cm":155,"minecraft:play_time":73059,"minecraft:sneak_time":47,"minecraft:deaths":29,"minecraft:walk_under_water_one_cm":10204,"minecraft:jump":1723,"minecraft:walk_on_water_one_cm":33655,"minecraft:total_world_time":73059,"minecraft:fall_one_cm":104986},"minecraft:killed_by":{"jujutsucraft:cursed_spirit_grade_24":1,"jujutsucraft:cursed_spirit_grade_01":1,"jujutsucraft:cursed_spirit_grade_38":1,"minecraft:player":7,"jujutsucraft:cursed_spirit_grade_16":2,"jujutsucraft:cursed_spirit_grade_14":2,"jujutsucraft:kumiya_juzo":1,"alexsmobs:rhinoceros":1,"jujutsucraft:cursed_spirit_grade_03":1,"jujutsucraft:cursed_spirit_grade_22":2,"jujutsucraft:cursed_spirit_grade_26":1,"jujutsucraft:cursed_spirit_grade_215":1,"jujutsucraft:cursed_spirit_grade_213":2,"jujutsucraft:cursed_spirit_grade_314":1,"jujutsucraft:cursed_spirit_grade_315":1,"jujutsucraft:cursed_spirit_grade_06":1,"endermanoverhaul:savanna_enderman":1,"jujutsucraft:cursed_spirit_grade_04":1,"jujutsucraft:curse_user":1}},"DataVersion":3465}