{"stats":{"minecraft:mined":{"minecraft:red_carpet":5,"minecraft:tuff":7,"minecraft:blackstone_stairs":8,"minecraft:deepslate_diamond_ore":54,"minecraft:blackstone_wall":2,"minecraft:nether_brick_wall":6,"minecraft:nether_bricks":50,"minecraft:allium":1,"minecraft:grass_block":21,"minecraft:cracked_polished_blackstone_bricks":2,"minecraft:gilded_blackstone":2,"minecraft:large_fern":3,"minecraft:tall_seagrass":1,"minecraft:polished_blackstone_bricks":9,"minecraft:black_stained_glass_pane":2,"minecraft:furnace":5,"minecraft:iron_ore":5,"minecraft:cobbled_deepslate":1,"minecraft:fire":6,"minecraft:deepslate_lapis_ore":9,"minecraft:azure_bluet":1,"minecraft:nether_brick_stairs":1,"minecraft:nether_brick_fence":2,"minecraft:cave_vines":8,"minecraft:deepslate_iron_ore":22,"minecraft:oak_stairs":3,"minecraft:stripped_oak_log":2,"minecraft:smooth_quartz_stairs":1,"minecraft:stone":155,"minecraft:blackstone":34,"minecraft:smoker":1,"minecraft:soul_fire":1,"minecraft:basalt":14,"minecraft:oak_fence":3,"minecraft:crafting_table":8,"minecraft:cornflower":1,"minecraft:short_grass":108,"minecraft:smooth_quartz_slab":1,"minecraft:tall_grass":77,"minecraft:cobblestone":4,"minecraft:sugar_cane":4,"minecraft:polished_blackstone_brick_stairs":1,"minecraft:oak_planks":64,"minecraft:wall_torch":3,"minecraft:coarse_dirt":1,"minecraft:white_carpet":5,"minecraft:yellow_bed":7,"minecraft:oak_log":226,"minecraft:coal_ore":19,"minecraft:gravel":5,"minecraft:dirt":39,"minecraft:smooth_quartz":2,"minecraft:cobweb":3,"minecraft:oak_leaves":5,"minecraft:deepslate":68,"minecraft:fern":4},"minecraft:dropped":{"minecraft:iron_sword":1,"minecraft:short_grass":1,"minecraft:wheat_seeds":20,"minecraft:cooked_beef":6,"minecraft:cooked_porkchop":18,"minecraft:diamond_leggings":1,"minecraft:feather":2,"minecraft:nether_brick_wall":2,"minecraft:red_carpet":5,"minecraft:diamond_helmet":1,"minecraft:chain":1,"minecraft:string":1,"minecraft:white_wool":3,"minecraft:bone":2,"minecraft:gravel":4,"minecraft:blackstone":3,"minecraft:stone_sword":1,"minecraft:rotten_flesh":5,"minecraft:white_carpet":5,"minecraft:oak_planks":7,"minecraft:nether_brick_fence":1,"minecraft:gunpowder":2,"minecraft:allium":1,"minecraft:diamond_chestplate":1,"projectjjk:cursed_key":6,"minecraft:diamond_boots":1,"minecraft:arrow":1,"minecraft:wooden_pickaxe":1},"minecraft:killed_by":{"minecraft:ghast":3,"minecraft:player":10,"minecraft:piglin_brute":1,"projectjjk:cursed_pig_entity":7,"projectjjk:cursed_sheep_entity":3,"projectjjk:grade_1_cursed_spirit_1_entity":1,"minecraft:piglin":1,"minecraft:skeleton":1,"projectjjk:grade_2_cursed_spirit_1_entity":4,"minecraft:zombie":2,"projectjjk:cursed_cow_entity":4,"projectjjk:grade_2_cursed_spirit_2_entity":1,"minecraft:vex":1},"minecraft:picked_up":{"minecraft:crafting_table":8,"minecraft:coarse_dirt":1,"minecraft:azure_bluet":1,"minecraft:allium":3,"minecraft:chicken":2,"minecraft:nether_brick_fence":1,"minecraft:oak_stairs":3,"minecraft:gold_block":8,"minecraft:gilded_blackstone":2,"minecraft:chain":1,"minecraft:string":6,"minecraft:wooden_sword":1,"minecraft:white_carpet":5,"minecraft:armor_stand":3,"projectjjk:jujutsu_promotion_letter":10,"minecraft:blackstone":32,"projectjjk:cursed_relic_of_affinity":2,"minecraft:diamond_leggings":1,"minecraft:cobbled_deepslate":60,"minecraft:oak_boat":1,"minecraft:poppy":1,"minecraft:smooth_quartz":1,"minecraft:sugar_cane":8,"minecraft:crimson_sign":1,"minecraft:furnace":5,"minecraft:egg":3,"minecraft:stick":2,"minecraft:raw_iron":26,"minecraft:oak_door":1,"minecraft:oak_fence":3,"minecraft:torch":3,"minecraft:acacia_log":1,"minecraft:porkchop":10,"minecraft:polished_blackstone_bricks":9,"minecraft:carrot":1,"minecraft:diamond_chestplate":1,"minecraft:stone_sword":2,"minecraft:arrow":12,"minecraft:rotten_flesh":13,"minecraft:nether_bricks":50,"minecraft:blackstone_wall":2,"minecraft:diamond_boots":1,"minecraft:blackstone_stairs":8,"minecraft:glow_berries":4,"minecraft:mutton":5,"minecraft:nether_brick_wall":6,"minecraft:snowball":4,"minecraft:white_wool":3,"minecraft:cobblestone":157,"minecraft:stripped_oak_log":2,"minecraft:cooked_beef":40,"minecraft:feather":3,"minecraft:basalt":17,"minecraft:smoker":1,"minecraft:tuff":14,"minecraft:oak_log":221,"minecraft:yellow_bed":7,"minecraft:gunpowder":2,"minecraft:lapis_lazuli":62,"minecraft:dirt":92,"minecraft:cooked_mutton":34,"minecraft:red_carpet":5,"minecraft:bone":2,"minecraft:wheat_seeds":49,"minecraft:iron_ingot":4,"minecraft:diamond_helmet":1,"projectjjk:cursed_key":14,"minecraft:moss_block":3,"minecraft:iron_sword":1,"minecraft:oak_planks":80,"minecraft:cooked_porkchop":53,"minecraft:gravel":4,"minecraft:nether_brick_stairs":1,"minecraft:diamond":80,"minecraft:short_grass":1,"minecraft:cracked_polished_blackstone_bricks":2,"minecraft:oak_sapling":2,"minecraft:smooth_quartz_slab":1,"minecraft:coal":22},"minecraft:broken":{"minecraft:golden_boots":1,"minecraft:iron_boots":1,"minecraft:stone_axe":1,"minecraft:iron_sword":2,"minecraft:iron_pickaxe":1},"minecraft:used":{"minecraft:oak_fence":13,"minecraft:stone_sword":103,"minecraft:smooth_quartz_slab":1,"minecraft:armor_stand":3,"minecraft:chest":2,"minecraft:shield":39,"minecraft:iron_sword":735,"minecraft:cooked_chicken":2,"minecraft:rotten_flesh":1,"minecraft:oak_door":2,"minecraft:torch":20,"minecraft:dirt":55,"minecraft:nether_bricks":67,"minecraft:carrot":1,"minecraft:allium":2,"minecraft:diamond_helmet":1,"minecraft:snowball":4,"minecraft:azure_bluet":1,"minecraft:nether_brick_stairs":1,"minecraft:iron_axe":156,"minecraft:oak_stairs":35,"minecraft:smooth_quartz":1,"minecraft:diamond_chestplate":1,"minecraft:basalt":14,"minecraft:furnace":6,"minecraft:egg":3,"minecraft:cooked_beef":36,"minecraft:cobbled_deepslate":29,"minecraft:cooked_mutton":29,"minecraft:nether_brick_wall":4,"minecraft:diamond_boots":1,"minecraft:oak_planks":773,"minecraft:stone_pickaxe":65,"minecraft:blackstone_stairs":8,"minecraft:blackstone":29,"minecraft:wooden_pickaxe":42,"minecraft:polished_blackstone_bricks":9,"minecraft:gilded_blackstone":2,"minecraft:golden_apple":1,"minecraft:glow_berries":4,"minecraft:crafting_table":11,"minecraft:crossbow":14,"minecraft:blackstone_wall":2,"minecraft:diamond_pickaxe":1,"minecraft:apple":13,"minecraft:cracked_polished_blackstone_bricks":2,"minecraft:bread":4,"minecraft:iron_pickaxe":420,"minecraft:crimson_sign":1,"minecraft:stone_axe":136,"minecraft:diamond_sword":169,"minecraft:cobblestone":40,"minecraft:cooked_porkchop":53,"minecraft:yellow_bed":6,"minecraft:oak_boat":1,"minecraft:diamond_leggings":1,"minecraft:coarse_dirt":1},"minecraft:custom":{"minecraft:interact_with_smithing_table":1,"minecraft:mob_kills":204,"minecraft:interact_with_crafting_table":38,"minecraft:open_barrel":10,"minecraft:leave_game":1,"minecraft:time_since_death":2682,"minecraft:climb_one_cm":396,"minecraft:sprint_one_cm":686066,"minecraft:walk_one_cm":1062654,"minecraft:damage_blocked_by_shield":1130,"minecraft:drop":37,"minecraft:damage_dealt_absorbed":470,"minecraft:play_time":274227,"minecraft:deaths":50,"minecraft:sneak_time":3003,"minecraft:walk_under_water_one_cm":7417,"minecraft:boat_one_cm":93075,"minecraft:jump":5668,"minecraft:enchant_item":7,"minecraft:walk_on_water_one_cm":21201,"minecraft:total_world_time":274227,"minecraft:interact_with_furnace":24,"minecraft:sleep_in_bed":7,"minecraft:time_since_rest":2711,"minecraft:damage_taken":37221,"minecraft:damage_absorbed":40,"minecraft:damage_dealt":35736,"minecraft:swim_one_cm":13226,"minecraft:player_kills":2,"minecraft:fly_one_cm":1083689,"minecraft:open_chest":59,"minecraft:crouch_one_cm":10017,"minecraft:fall_one_cm":221972},"minecraft:killed":{"minecraft:vex":3,"minecraft:spider":3,"projectjjk:cursed_sheep_entity":37,"minecraft:skeleton":8,"minecraft:chicken":1,"minecraft:drowned":1,"projectjjk:grade_3_cursed_spirit_2_entity":6,"projectjjk:cursed_pig_entity":52,"minecraft:magma_cube":4,"projectjjk:grade_2_cursed_spirit_2_entity":5,"minecraft:piglin":4,"projectjjk:grade_special_cursed_spirit_1_entity":2,"minecraft:pig":3,"minecraft:zombie_villager":1,"projectjjk:grade_3_cursed_spirit_3_entity":10,"minecraft:iron_golem":1,"projectjjk:grade_3_cursed_spirit_1_entity":3,"minecraft:creeper":1,"minecraft:sheep":2,"minecraft:zombie":9,"projectjjk:cursed_cow_entity":42},"minecraft:crafted":{"minecraft:oak_door":3,"minecraft:oak_planks":890,"minecraft:cooked_chicken":2,"minecraft:furnace":1,"minecraft:cooked_mutton":5,"minecraft:diamond_helmet":1,"minecraft:diamond_leggings":1,"minecraft:iron_boots":1,"minecraft:iron_axe":2,"minecraft:stone_pickaxe":1,"minecraft:chest":2,"minecraft:diamond_boots":2,"minecraft:oak_fence":15,"minecraft:diamond_sword":1,"minecraft:cooked_porkchop":5,"minecraft:diamond_axe":1,"minecraft:crafting_table":3,"minecraft:wooden_pickaxe":1,"minecraft:iron_sword":4,"minecraft:stone_axe":1,"minecraft:oak_boat":1,"minecraft:diamond_pickaxe":1,"minecraft:golden_apple":4,"minecraft:shield":1,"minecraft:stick":84,"minecraft:iron_ingot":26,"minecraft:iron_pickaxe":2,"minecraft:oak_stairs":32,"minecraft:stone_sword":1,"minecraft:gold_ingot":72,"minecraft:acacia_planks":4,"minecraft:torch":24,"minecraft:diamond_chestplate":1}},"DataVersion":3700}