{"stats":{"minecraft:mined":{"regions_unexplored:dead_steppe_shrub":1},"minecraft:picked_up":{"jujutsucraft:uniform_normal_leggings":1,"jujutsucraft:item_insect":2,"mowziesmobs:umvuthana_mask_rage":1,"jujutsucraft:uniform_normal_boots":1},"minecraft:killed":{"illagerinvasion:marauder":2,"minecraft:pillager":1,"minecraft:player":1},"minecraft:used":{"mowziesmobs:umvuthana_mask_rage":1,"jujutsucraft:uniform_gojo_leggings":1,"jujutsucraft:uniform_gojo_boots":1,"minecraft:bread":3,"jujutsucraft:sunglasses_helmet":2,"jujutsucraft:uniform_gojo_chestplate":1},"minecraft:dropped":{"mowziesmobs:umvuthana_mask_rage":1,"jujutsucraft:item_insect":2,"jujutsucraft:uniform_normal_leggings":2,"jujutsucraft:uniform_normal_boots":2,"jujutsucraft:uniform_normal_chestplate":1},"minecraft:killed_by":{"jujutsucraft:cursed_spirit_grade_24":1,"jujutsucraft:curse_user":1,"minecraft:player":1},"minecraft:custom":{"minecraft:time_since_rest":581,"minecraft:play_time":8038,"minecraft:sprint_one_cm":19743,"minecraft:walk_one_cm":27435,"minecraft:damage_taken":970,"minecraft:deaths":3,"minecraft:mob_kills":3,"minecraft:drop":8,"minecraft:damage_dealt_resisted":2,"minecraft:jump":235,"minecraft:damage_dealt":7,"minecraft:leave_game":1,"minecraft:time_since_death":531,"minecraft:climb_one_cm":686,"minecraft:total_world_time":8038,"minecraft:damage_resisted":0,"minecraft:fall_one_cm":7277,"minecraft:fly_one_cm":59898,"minecraft:player_kills":1}},"DataVersion":3465}