{"stats":{"minecraft:mined":{"minecraft:tuff":1,"minecraft:blackstone_stairs":8,"minecraft:deepslate_diamond_ore":1,"minecraft:blackstone_wall":2,"minecraft:nether_brick_wall":6,"minecraft:nether_bricks":50,"minecraft:allium":1,"minecraft:grass_block":21,"minecraft:cracked_polished_blackstone_bricks":2,"minecraft:gilded_blackstone":2,"minecraft:large_fern":3,"minecraft:tall_seagrass":1,"minecraft:polished_blackstone_bricks":9,"minecraft:black_stained_glass_pane":2,"minecraft:furnace":5,"minecraft:iron_ore":5,"minecraft:cobbled_deepslate":1,"minecraft:fire":6,"minecraft:azure_bluet":1,"minecraft:nether_brick_stairs":1,"minecraft:nether_brick_fence":2,"minecraft:cave_vines":8,"minecraft:deepslate_iron_ore":22,"minecraft:oak_stairs":3,"minecraft:stripped_oak_log":2,"minecraft:smooth_quartz_stairs":1,"minecraft:stone":155,"minecraft:blackstone":34,"minecraft:soul_fire":1,"minecraft:basalt":14,"minecraft:oak_fence":3,"minecraft:crafting_table":8,"minecraft:cornflower":1,"minecraft:short_grass":98,"minecraft:smooth_quartz_slab":1,"minecraft:tall_grass":76,"minecraft:cobblestone":4,"minecraft:polished_blackstone_brick_stairs":1,"minecraft:oak_planks":64,"minecraft:wall_torch":3,"minecraft:coarse_dirt":1,"minecraft:yellow_bed":7,"minecraft:oak_log":226,"minecraft:coal_ore":19,"minecraft:gravel":5,"minecraft:dirt":39,"minecraft:smooth_quartz":2,"minecraft:cobweb":3,"minecraft:oak_leaves":5,"minecraft:deepslate":48,"minecraft:fern":4},"minecraft:dropped":{"minecraft:iron_sword":1,"minecraft:wheat_seeds":2,"minecraft:cooked_beef":6,"minecraft:cooked_porkchop":18,"minecraft:feather":2,"minecraft:white_wool":3,"minecraft:bone":2,"minecraft:gravel":4,"minecraft:stone_sword":1,"minecraft:oak_planks":5,"minecraft:gunpowder":2,"minecraft:arrow":1,"minecraft:wooden_pickaxe":1},"minecraft:killed_by":{"minecraft:ghast":3,"minecraft:player":8,"minecraft:piglin_brute":1,"projectjjk:cursed_pig_entity":7,"projectjjk:cursed_sheep_entity":3,"projectjjk:grade_1_cursed_spirit_1_entity":1,"minecraft:piglin":1,"minecraft:skeleton":1,"projectjjk:grade_2_cursed_spirit_1_entity":4,"minecraft:zombie":2,"projectjjk:cursed_cow_entity":4,"projectjjk:grade_2_cursed_spirit_2_entity":1,"minecraft:vex":1},"minecraft:picked_up":{"minecraft:crafting_table":8,"minecraft:coarse_dirt":1,"minecraft:azure_bluet":1,"minecraft:allium":2,"minecraft:chicken":2,"minecraft:nether_brick_fence":1,"minecraft:oak_stairs":3,"minecraft:gold_block":8,"minecraft:gilded_blackstone":2,"minecraft:chain":1,"minecraft:string":5,"minecraft:wooden_sword":1,"minecraft:blackstone":32,"minecraft:cobbled_deepslate":40,"minecraft:oak_boat":1,"minecraft:smooth_quartz":1,"minecraft:crimson_sign":1,"minecraft:furnace":5,"minecraft:egg":3,"minecraft:stick":2,"minecraft:raw_iron":26,"minecraft:oak_fence":3,"minecraft:torch":3,"minecraft:porkchop":4,"minecraft:polished_blackstone_bricks":9,"minecraft:carrot":1,"minecraft:stone_sword":2,"minecraft:arrow":5,"minecraft:rotten_flesh":6,"minecraft:nether_bricks":50,"minecraft:blackstone_wall":2,"minecraft:blackstone_stairs":8,"minecraft:glow_berries":4,"minecraft:mutton":5,"minecraft:nether_brick_wall":6,"minecraft:snowball":4,"minecraft:white_wool":3,"minecraft:cobblestone":157,"minecraft:stripped_oak_log":2,"minecraft:cooked_beef":35,"minecraft:feather":3,"minecraft:basalt":17,"minecraft:oak_log":221,"minecraft:yellow_bed":7,"minecraft:gunpowder":2,"minecraft:dirt":91,"minecraft:cooked_mutton":22,"minecraft:bone":2,"minecraft:wheat_seeds":30,"projectjjk:cursed_key":5,"minecraft:moss_block":3,"minecraft:iron_sword":1,"minecraft:oak_planks":80,"minecraft:cooked_porkchop":37,"minecraft:gravel":4,"minecraft:nether_brick_stairs":1,"minecraft:diamond":6,"minecraft:cracked_polished_blackstone_bricks":2,"minecraft:oak_sapling":2,"minecraft:smooth_quartz_slab":1,"minecraft:coal":19},"minecraft:broken":{"minecraft:golden_boots":1,"minecraft:iron_boots":1,"minecraft:stone_axe":1,"minecraft:iron_sword":2,"minecraft:iron_pickaxe":1},"minecraft:custom":{"minecraft:mob_kills":146,"minecraft:interact_with_crafting_table":32,"minecraft:open_barrel":10,"minecraft:leave_game":1,"minecraft:time_since_death":819,"minecraft:sprint_one_cm":516778,"minecraft:walk_one_cm":872081,"minecraft:damage_blocked_by_shield":980,"minecraft:drop":15,"minecraft:damage_dealt_absorbed":470,"minecraft:play_time":220227,"minecraft:deaths":48,"minecraft:sneak_time":2822,"minecraft:walk_under_water_one_cm":3433,"minecraft:boat_one_cm":93075,"minecraft:jump":4460,"minecraft:walk_on_water_one_cm":14709,"minecraft:total_world_time":220227,"minecraft:interact_with_furnace":21,"minecraft:sleep_in_bed":6,"minecraft:time_since_rest":861,"minecraft:damage_taken":33601,"minecraft:damage_absorbed":40,"minecraft:damage_dealt":26103,"minecraft:swim_one_cm":12081,"minecraft:player_kills":2,"minecraft:fly_one_cm":796696,"minecraft:open_chest":44,"minecraft:crouch_one_cm":9756,"minecraft:fall_one_cm":171133},"minecraft:used":{"minecraft:oak_fence":13,"minecraft:stone_sword":103,"minecraft:smooth_quartz_slab":1,"minecraft:chest":1,"minecraft:shield":33,"minecraft:iron_sword":713,"minecraft:cooked_chicken":1,"minecraft:rotten_flesh":1,"minecraft:oak_door":2,"minecraft:torch":20,"minecraft:dirt":37,"minecraft:nether_bricks":67,"minecraft:carrot":1,"minecraft:allium":2,"minecraft:snowball":4,"minecraft:azure_bluet":1,"minecraft:nether_brick_stairs":1,"minecraft:iron_axe":156,"minecraft:oak_stairs":35,"minecraft:smooth_quartz":1,"minecraft:basalt":14,"minecraft:furnace":6,"minecraft:egg":3,"minecraft:cooked_beef":35,"minecraft:cobbled_deepslate":29,"minecraft:cooked_mutton":24,"minecraft:nether_brick_wall":4,"minecraft:oak_planks":770,"minecraft:stone_pickaxe":65,"minecraft:blackstone_stairs":8,"minecraft:blackstone":29,"minecraft:wooden_pickaxe":42,"minecraft:polished_blackstone_bricks":9,"minecraft:gilded_blackstone":2,"minecraft:golden_apple":1,"minecraft:glow_berries":4,"minecraft:crafting_table":11,"minecraft:crossbow":14,"minecraft:blackstone_wall":2,"minecraft:apple":10,"minecraft:cracked_polished_blackstone_bricks":2,"minecraft:bread":4,"minecraft:iron_pickaxe":332,"minecraft:crimson_sign":1,"minecraft:stone_axe":136,"minecraft:cobblestone":40,"minecraft:cooked_porkchop":41,"minecraft:yellow_bed":6,"minecraft:oak_boat":1,"minecraft:coarse_dirt":1},"minecraft:killed":{"minecraft:vex":3,"minecraft:spider":2,"projectjjk:cursed_sheep_entity":25,"minecraft:skeleton":6,"minecraft:chicken":1,"projectjjk:grade_3_cursed_spirit_2_entity":3,"projectjjk:cursed_pig_entity":37,"minecraft:magma_cube":4,"minecraft:piglin":4,"minecraft:pig":2,"minecraft:zombie_villager":1,"projectjjk:grade_3_cursed_spirit_3_entity":6,"minecraft:creeper":1,"minecraft:sheep":2,"minecraft:zombie":6,"projectjjk:cursed_cow_entity":37},"minecraft:crafted":{"minecraft:oak_door":3,"minecraft:oak_planks":890,"minecraft:cooked_chicken":2,"minecraft:furnace":1,"minecraft:cooked_mutton":5,"minecraft:iron_boots":1,"minecraft:iron_axe":2,"minecraft:stone_pickaxe":1,"minecraft:chest":1,"minecraft:oak_fence":15,"minecraft:cooked_porkchop":3,"minecraft:crafting_table":3,"minecraft:wooden_pickaxe":1,"minecraft:iron_sword":4,"minecraft:stone_axe":1,"minecraft:oak_boat":1,"minecraft:golden_apple":4,"minecraft:shield":1,"minecraft:stick":76,"minecraft:iron_ingot":26,"minecraft:iron_pickaxe":2,"minecraft:oak_stairs":32,"minecraft:stone_sword":1,"minecraft:gold_ingot":72,"minecraft:torch":24}},"DataVersion":3700}