{"stats":{"minecraft:crafted":{"regions_unexplored:joshua_planks":4},"minecraft:picked_up":{"jujutsucraft:item_insect":2,"jujutsucraft:uniform_normal_boots":1,"regions_unexplored:dead_steppe_shrub":1,"regions_unexplored:silt_grass_block":1,"jujutsucraft:uniform_normal_leggings":1,"regions_unexplored:joshua_log":1,"mowziesmobs:umvuthana_mask_rage":1},"minecraft:mined":{"regions_unexplored:dead_steppe_shrub":1},"minecraft:used":{"minecraft:bread":3,"regions_unexplored:silt_grass_block":1,"regions_unexplored:dead_steppe_shrub":1,"jujutsucraft:uniform_gojo_leggings":1,"mowziesmobs:umvuthana_mask_rage":1,"farmersdelight:flint_knife":2,"jujutsucraft:uniform_gojo_boots":1,"jujutsucraft:sunglasses_helmet":2,"jujutsucraft:uniform_gojo_chestplate":1},"minecraft:killed":{"jujutsucraft:cursed_spirit_grade_32":2,"alexsmobs:catfish":3,"jujutsucraft:cursed_spirit_grade_39":1,"minecraft:pillager":1,"jujutsucraft:cursed_spirit_grade_33":2,"jujutsucraft:cursed_spirit_grade_313":1,"jujutsucraft:cursed_spirit_grade_314":1,"jujutsucraft:cursed_spirit_grade_310":1,"alexsmobs:terrapin":1,"jujutsucraft:jujutsu_sorcerer":1,"minecraft:salmon":3,"alexsmobs:fly":2,"illagerinvasion:marauder":2,"jujutsucraft:cursed_spirit_grade_317":3,"jujutsucraft:cursed_spirit_grade_315":3,"mowziesmobs:umvuthana_follower_raptor":2,"jujutsucraft:cursed_spirit_grade_34":1,"jujutsucraft:cursed_spirit_grade_322":1,"minecraft:player":1,"minecraft:squid":2,"alexsmobs:jerboa":2},"minecraft:dropped":{"mowziesmobs:umvuthana_mask_rage":1,"jujutsucraft:item_insect":2,"jujutsucraft:uniform_normal_leggings":2,"jujutsucraft:uniform_normal_boots":2,"jujutsucraft:uniform_normal_chestplate":1},"minecraft:killed_by":{"jujutsucraft:cursed_spirit_grade_24":1,"minecraft:player":7,"jujutsucraft:cursed_spirit_grade_14":1,"jujutsucraft:cursed_spirit_grade_16":2,"jujutsucraft:cursed_spirit_grade_06":1,"jujutsucraft:cursed_spirit_grade_04":1,"endermanoverhaul:savanna_enderman":1,"jujutsucraft:curse_user":1,"jujutsucraft:cursed_spirit_grade_213":1},"minecraft:custom":{"minecraft:time_since_rest":2238,"minecraft:sprint_one_cm":50512,"minecraft:damage_taken":4779,"minecraft:walk_one_cm":69014,"minecraft:mob_kills":42,"minecraft:drop":8,"minecraft:damage_dealt":35,"minecraft:swim_one_cm":832,"minecraft:fly_one_cm":181324,"minecraft:player_kills":2,"minecraft:play_time":20038,"minecraft:walk_under_water_one_cm":2884,"minecraft:deaths":16,"minecraft:jump":677,"minecraft:damage_dealt_resisted":3453,"minecraft:leave_game":1,"minecraft:walk_on_water_one_cm":4237,"minecraft:time_since_death":2207,"minecraft:total_world_time":20038,"minecraft:climb_one_cm":686,"minecraft:damage_resisted":112,"minecraft:fall_one_cm":36278}},"DataVersion":3465}