{"stats":{"minecraft:crafted":{"minecraft:stone_pickaxe":1,"minecraft:wooden_pickaxe":1,"minecraft:stone_axe":1},"minecraft:broken":{"mowziesmobs:umvuthana_mask_fear":2},"minecraft:mined":{"create:fluid_tank":1,"minecraft:acacia_log":3,"create:large_cogwheel":2,"minecraft:decorated_pot":8,"create:shaft":4,"minecraft:iron_ore":13,"minecraft:barrel":1,"minecraft:stripped_acacia_log":3,"minecraft:stone":8,"create:andesite_encased_large_cogwheel":1,"regions_unexplored:silt_grass_block":2,"minecraft:green_bed":4,"create:cogwheel":3,"spelunkery:mineomite":1,"create:metal_girder":1,"minecraft:crafting_table":2,"create:fluid_pipe":4,"create:mechanical_pump":1,"create:water_wheel":1,"create:copper_valve_handle":1,"minecraft:oak_planks":2,"minecraft:sugar_cane":3,"minecraft:chain":1,"regions_unexplored:socotra_log":11,"create:flywheel":2,"create:rope_pulley":1,"create:gearbox":6,"regions_unexplored:steppe_shrub":1,"create:copycat_panel":6,"create:industrial_iron_block":1,"minecraft:grass":1,"regions_unexplored:joshua_log":19,"minecraft:coal_ore":11,"create:andesite_encased_shaft":4},"minecraft:picked_up":{"minecraft:crafting_table":2,"create:metal_bracket":3,"regions_unexplored:silt_dirt":2,"alexsmobs:roadrunner_feather":2,"minecraft:chain":1,"create:fluid_pipe":4,"minecraft:iron_shovel":1,"jujutsucraft:sword_ogi":1,"create:water_wheel":1,"jujutsucraft:sword_black":1,"minecraft:sugar_cane":5,"minecraft:golden_helmet":1,"minecraft:stick":13,"minecraft:raw_iron":13,"minecraft:green_bed":4,"minecraft:acacia_log":9,"spelunkery:mineomite":1,"create:vertical_gearbox":2,"regions_unexplored:socotra_log":11,"create:large_cogwheel":3,"create:industrial_iron_block":6,"jujutsucraft:clothes_fushiguro_toji_leggings":2,"regions_unexplored:joshua_log":19,"minecraft:decorated_pot":9,"minecraft:mutton":6,"minecraft:white_wool":1,"minecraft:cobblestone":12,"regions_unexplored:steppe_tall_grass":2,"minecraft:feather":9,"create:fluid_tank":1,"create:rope_pulley":1,"regions_unexplored:dead_steppe_shrub":1,"minecraft:acacia_planks":1,"create:metal_girder":1,"create:shaft":8,"create:flywheel":2,"minecraft:iron_sword":1,"minecraft:oak_planks":2,"mowziesmobs:umvuthana_mask_misery":4,"regions_unexplored:small_desert_shrub":1,"regions_unexplored:steppe_grass":1,"create:cogwheel":3,"create:copycat_panel":6,"regions_unexplored:palm_button":3,"minecraft:barrel":2,"create:gearbox":4,"minecraft:stripped_acacia_log":3,"regions_unexplored:steppe_shrub":2,"jujutsucraft:clothes_sukuna_fushiguro_chestplate":2,"create:mechanical_pump":1,"minecraft:crossbow":1,"minecraft:grass":1,"minecraft:gray_wool":2,"minecraft:bread":9,"mowziesmobs:umvuthana_mask_fear":2,"alexsmobs:maggot":4,"create:copper_valve_handle":1,"minecraft:coal":11,"minecraft:ender_pearl":1},"minecraft:used":{"mowziesmobs:umvuthana_mask_fear":2,"mowziesmobs:umvuthana_mask_misery":2,"minecraft:decorated_pot":8,"create:metal_girder":1,"jujutsucraft:hair_fushiguro_megumi_helmet":2,"minecraft:acacia_planks":13,"minecraft:iron_leggings":1,"jujutsucraft:sword_black":1,"minecraft:stone_pickaxe":48,"minecraft:wooden_pickaxe":8,"jujutsucraft:uniform_normal_boots":1,"minecraft:green_bed":4,"regions_unexplored:joshua_planks":63,"minecraft:crafting_table":2,"spelunkery:mineomite":1,"jujutsucraft:uniform_normal_chestplate":1,"minecraft:stone_axe":40,"jujutsucraft:uniform_normal_leggings":1,"regions_unexplored:palm_button":1,"minecraft:chain":1},"minecraft:killed":{"jujutsucraft:cursed_spirit_grade_32":3,"guardvillagers:guard":3,"jujutsucraft:cursed_spirit_grade_31":1,"jujutsucraft:cursed_spirit_grade_33":1,"jujutsucraft:stevenson_screen":1,"jujutsucraft:round_deer":1,"jujutsucraft:cursed_spirit_grade_318":1,"jujutsucraft:cursed_spirit_grade_39":5,"jujutsucraft:cursed_spirit_grade_312":1,"jujutsucraft:cursed_spirit_grade_313":1,"jujutsucraft:divine_dog_black":1,"jujutsucraft:toad":2,"jujutsucraft:rabbit_escape":46,"jujutsucraft:cursed_spirit_grade_317":2,"jujutsucraft:cursed_spirit_grade_38":1,"jujutsucraft:cursed_spirit_grade_34":3,"minecraft:tropical_fish":1,"alexsmobs:triops":1,"minecraft:ocelot":1,"jujutsucraft:kukuru":2,"minecraft:rabbit":1,"minecraft:wandering_trader":1,"mowziesmobs:umvuthana_follower_raptor":14,"jujutsucraft:curse_user":1,"jujutsucraft:great_serpent":1,"jujutsucraft:divine_dog_white":1,"endermanoverhaul:savanna_enderman":1,"jujutsucraft:cursed_spirit_grade_321":1,"minecraft:trader_llama":2,"jujutsucraft:cursed_spirit_grade_314":2,"alexsmobs:elephant":1,"jujutsucraft:cursed_spirit_grade_310":1,"jujutsucraft:cursed_spirit_grade_36":4,"alexsmobs:roadrunner":1,"alexsmobs:fly":16,"jujutsucraft:cursed_spirit_grade_25":1,"jujutsucraft:cursed_spirit_grade_315":2,"jujutsucraft:cursed_spirit_grade_319":2,"jujutsucraft:cursed_spirit_grade_322":5,"minecraft:player":22,"mowziesmobs:umvuthana_raptor":2,"minecraft:villager":5,"jujutsucraft:q":1},"minecraft:dropped":{"minecraft:bread":9,"minecraft:iron_sword":1,"minecraft:golden_helmet":1,"minecraft:ender_pearl":1,"minecraft:decorated_pot":1,"minecraft:cobblestone":6,"jujutsucraft:sword_black":1,"minecraft:grass":1,"minecraft:gray_wool":2,"alexsmobs:roadrunner_feather":2,"minecraft:mutton":4,"regions_unexplored:dead_steppe_shrub":1,"regions_unexplored:palm_button":2,"minecraft:iron_shovel":2,"minecraft:acacia_planks":1,"alexsmobs:maggot":4,"jujutsucraft:clothes_sukuna_fushiguro_chestplate":3,"minecraft:oak_planks":2,"regions_unexplored:steppe_shrub":1,"regions_unexplored:steppe_tall_grass":2,"jujutsucraft:clothes_fushiguro_toji_leggings":3,"mowziesmobs:umvuthana_mask_misery":3,"regions_unexplored:steppe_grass":1,"minecraft:barrel":2,"regions_unexplored:small_desert_shrub":1,"minecraft:wooden_pickaxe":1,"regions_unexplored:silt_dirt":2},"minecraft:killed_by":{"minecraft:player":23,"jujutsucraft:cursed_spirit_grade_03":4,"jujutsucraft:cursed_spirit_grade_315":1,"jujutsucraft:cursed_spirit_grade_04":12,"jujutsucraft:curse_user":1,"jujutsucraft:great_serpent":5,"jujutsucraft:jogo":1,"jujutsucraft:q":1,"jujutsucraft:cursed_spirit_grade_21":2},"minecraft:custom":{"minecraft:mob_kills":152,"minecraft:interact_with_crafting_table":5,"minecraft:open_barrel":15,"minecraft:damage_dealt_resisted":25585,"minecraft:leave_game":2,"minecraft:time_since_death":1688,"minecraft:climb_one_cm":2016,"minecraft:damage_resisted":3873,"minecraft:sprint_one_cm":235320,"minecraft:walk_one_cm":174513,"minecraft:drop":47,"minecraft:play_time":105615,"minecraft:deaths":53,"minecraft:sneak_time":5429,"minecraft:walk_under_water_one_cm":1998,"minecraft:jump":2681,"minecraft:walk_on_water_one_cm":15258,"minecraft:total_world_time":105615,"minecraft:sleep_in_bed":3,"minecraft:time_since_rest":1718,"minecraft:damage_taken":18690,"minecraft:damage_dealt":20,"minecraft:swim_one_cm":33536,"minecraft:fly_one_cm":815706,"minecraft:open_chest":3,"minecraft:crouch_one_cm":10526,"minecraft:fall_one_cm":152311}},"DataVersion":3465}