{"stats":{"minecraft:crafted":{"minecraft:wooden_pickaxe":1,"minecraft:stone_axe":1,"minecraft:stone_pickaxe":1},"minecraft:broken":{"mowziesmobs:umvuthana_mask_fear":1},"minecraft:mined":{"minecraft:crafting_table":1,"minecraft:acacia_log":3,"minecraft:decorated_pot":1,"minecraft:oak_planks":2,"regions_unexplored:socotra_log":11,"minecraft:iron_ore":13,"regions_unexplored:steppe_shrub":1,"minecraft:grass":1,"regions_unexplored:joshua_log":19,"minecraft:coal_ore":11,"minecraft:stripped_acacia_log":3,"minecraft:stone":8,"regions_unexplored:silt_grass_block":2,"minecraft:green_bed":3},"minecraft:picked_up":{"regions_unexplored:steppe_tall_grass":2,"minecraft:crafting_table":1,"minecraft:feather":3,"regions_unexplored:silt_dirt":2,"alexsmobs:roadrunner_feather":1,"regions_unexplored:dead_steppe_shrub":1,"jujutsucraft:sword_ogi":1,"minecraft:acacia_planks":1,"jujutsucraft:sword_black":1,"mowziesmobs:umvuthana_mask_misery":1,"minecraft:oak_planks":2,"minecraft:stick":13,"minecraft:raw_iron":13,"regions_unexplored:small_desert_shrub":1,"regions_unexplored:steppe_grass":1,"minecraft:acacia_log":9,"minecraft:green_bed":3,"regions_unexplored:socotra_log":11,"minecraft:stripped_acacia_log":3,"regions_unexplored:steppe_shrub":2,"regions_unexplored:joshua_log":19,"minecraft:decorated_pot":1,"minecraft:grass":1,"minecraft:gray_wool":2,"mowziesmobs:umvuthana_mask_fear":1,"alexsmobs:maggot":4,"minecraft:mutton":6,"minecraft:coal":11,"minecraft:white_wool":1,"minecraft:cobblestone":12,"minecraft:ender_pearl":1},"minecraft:used":{"jujutsucraft:sword_black":1,"mowziesmobs:umvuthana_mask_misery":1,"mowziesmobs:umvuthana_mask_fear":1,"minecraft:stone_pickaxe":24,"minecraft:decorated_pot":1,"minecraft:wooden_pickaxe":8,"jujutsucraft:uniform_normal_boots":1,"minecraft:green_bed":2,"regions_unexplored:joshua_planks":31,"minecraft:crafting_table":1,"jujutsucraft:uniform_normal_chestplate":1,"jujutsucraft:hair_fushiguro_megumi_helmet":2,"minecraft:stone_axe":22,"jujutsucraft:uniform_normal_leggings":1,"minecraft:acacia_planks":13},"minecraft:killed":{"jujutsucraft:cursed_spirit_grade_32":1,"jujutsucraft:cursed_spirit_grade_31":1,"jujutsucraft:stevenson_screen":1,"jujutsucraft:kukuru":2,"minecraft:rabbit":1,"jujutsucraft:round_deer":1,"jujutsucraft:cursed_spirit_grade_318":1,"minecraft:wandering_trader":1,"mowziesmobs:umvuthana_follower_raptor":9,"jujutsucraft:curse_user":1,"jujutsucraft:great_serpent":1,"jujutsucraft:cursed_spirit_grade_321":1,"jujutsucraft:cursed_spirit_grade_39":2,"minecraft:trader_llama":2,"jujutsucraft:cursed_spirit_grade_313":1,"jujutsucraft:cursed_spirit_grade_314":1,"jujutsucraft:cursed_spirit_grade_312":1,"alexsmobs:elephant":1,"jujutsucraft:cursed_spirit_grade_310":1,"jujutsucraft:toad":2,"jujutsucraft:rabbit_escape":46,"jujutsucraft:cursed_spirit_grade_36":3,"alexsmobs:roadrunner":1,"alexsmobs:fly":15,"jujutsucraft:cursed_spirit_grade_317":2,"jujutsucraft:cursed_spirit_grade_315":1,"jujutsucraft:cursed_spirit_grade_38":1,"jujutsucraft:cursed_spirit_grade_34":1,"jujutsucraft:cursed_spirit_grade_319":2,"jujutsucraft:cursed_spirit_grade_322":4,"minecraft:player":19,"mowziesmobs:umvuthana_raptor":2,"minecraft:tropical_fish":1,"minecraft:ocelot":1,"alexsmobs:triops":1},"minecraft:dropped":{"alexsmobs:maggot":4,"minecraft:ender_pearl":1,"minecraft:cobblestone":6,"jujutsucraft:sword_black":1,"minecraft:oak_planks":2,"regions_unexplored:steppe_shrub":1,"regions_unexplored:steppe_tall_grass":2,"minecraft:grass":1,"minecraft:gray_wool":2,"regions_unexplored:steppe_grass":1,"minecraft:mutton":4,"regions_unexplored:small_desert_shrub":1,"regions_unexplored:dead_steppe_shrub":1,"minecraft:wooden_pickaxe":1,"regions_unexplored:silt_dirt":2,"minecraft:acacia_planks":1},"minecraft:custom":{"minecraft:mob_kills":119,"minecraft:interact_with_crafting_table":4,"minecraft:open_barrel":2,"minecraft:damage_dealt_resisted":19303,"minecraft:leave_game":2,"minecraft:time_since_death":4045,"minecraft:sleep_in_bed":1,"minecraft:climb_one_cm":448,"minecraft:damage_resisted":3022,"minecraft:time_since_rest":4074,"minecraft:sprint_one_cm":186574,"minecraft:damage_taken":16991,"minecraft:walk_one_cm":118987,"minecraft:drop":25,"minecraft:damage_dealt":20,"minecraft:swim_one_cm":12607,"minecraft:fly_one_cm":624227,"minecraft:open_chest":3,"minecraft:crouch_one_cm":3942,"minecraft:play_time":69615,"minecraft:deaths":50,"minecraft:sneak_time":2724,"minecraft:walk_under_water_one_cm":1557,"minecraft:jump":2039,"minecraft:walk_on_water_one_cm":5351,"minecraft:total_world_time":69615,"minecraft:fall_one_cm":122225},"minecraft:killed_by":{"jujutsucraft:great_serpent":5,"minecraft:player":20,"jujutsucraft:jogo":1,"jujutsucraft:cursed_spirit_grade_03":4,"jujutsucraft:q":1,"jujutsucraft:cursed_spirit_grade_315":1,"jujutsucraft:cursed_spirit_grade_21":2,"jujutsucraft:cursed_spirit_grade_04":12,"jujutsucraft:curse_user":1}},"DataVersion":3465}