{"stats":{"minecraft:broken":{"minecraft:stone_sword":1,"minecraft:iron_sword":2,"minecraft:golden_chestplate":1},"minecraft:crafted":{"minecraft:oak_door":6,"minecraft:oak_planks":432,"minecraft:furnace":1,"minecraft:flint_and_steel":1,"minecraft:iron_axe":1,"minecraft:stone_pickaxe":1,"minecraft:chest":8,"minecraft:crafting_table":1,"minecraft:wooden_pickaxe":1,"minecraft:iron_sword":3,"minecraft:bucket":1,"minecraft:stone_axe":1,"minecraft:air":0,"minecraft:diamond_pickaxe":1,"minecraft:stick":32,"minecraft:iron_ingot":15,"minecraft:iron_pickaxe":1,"minecraft:stone_sword":2,"minecraft:iron_shovel":1,"minecraft:torch":36},"minecraft:killed":{"minecraft:spider":3,"projectjjk:cursed_sheep_entity":44,"minecraft:skeleton":9,"minecraft:chicken":7,"projectjjk:grade_3_cursed_spirit_2_entity":8,"minecraft:drowned":4,"projectjjk:cursed_pig_entity":54,"minecraft:magma_cube":17,"projectjjk:grade_2_cursed_spirit_2_entity":2,"minecraft:pig":2,"projectjjk:grade_special_cursed_spirit_1_entity":2,"projectjjk:grade_3_cursed_spirit_3_entity":4,"projectjjk:grade_3_cursed_spirit_1_entity":12,"projectjjk:grade_1_cursed_spirit_1_entity":2,"minecraft:hoglin":1,"minecraft:sheep":9,"minecraft:zombie":13,"minecraft:wither_skeleton":1,"projectjjk:cursed_cow_entity":37,"minecraft:player":4,"projectjjk:grade_2_cursed_spirit_1_entity":6,"minecraft:enderman":1},"minecraft:mined":{"minecraft:tuff":3,"minecraft:blackstone_stairs":2,"minecraft:white_bed":3,"minecraft:deepslate_diamond_ore":13,"minecraft:blackstone_wall":1,"minecraft:oak_door":1,"minecraft:obsidian":3,"minecraft:nether_bricks":29,"minecraft:grass_block":88,"minecraft:decorated_pot":1,"minecraft:cracked_polished_blackstone_bricks":7,"minecraft:gilded_blackstone":1,"minecraft:polished_blackstone_bricks":11,"minecraft:black_stained_glass_pane":9,"minecraft:furnace":2,"minecraft:iron_ore":31,"minecraft:fire":6,"minecraft:nether_brick_stairs":1,"minecraft:nether_brick_fence":1,"minecraft:deepslate_iron_ore":11,"minecraft:stone":54,"minecraft:white_wool":2,"minecraft:blackstone":26,"minecraft:basalt":4,"minecraft:cornflower":1,"minecraft:crafting_table":6,"minecraft:short_grass":83,"minecraft:calcite":1,"minecraft:chest":4,"minecraft:tall_grass":53,"minecraft:copper_ore":1,"minecraft:cobblestone":10,"minecraft:oak_planks":51,"minecraft:wall_torch":4,"minecraft:lilac":1,"minecraft:oak_log":136,"minecraft:coal_ore":35,"minecraft:gravel":4,"minecraft:dirt":40,"minecraft:cobweb":2,"minecraft:ancient_debris":1,"minecraft:oak_leaves":12,"minecraft:deepslate":49,"minecraft:fern":2},"minecraft:custom":{"minecraft:mob_kills":263,"minecraft:interact_with_crafting_table":37,"minecraft:open_barrel":8,"minecraft:leave_game":1,"minecraft:time_since_death":16655,"minecraft:sprint_one_cm":462016,"minecraft:walk_one_cm":530841,"minecraft:drop":93,"minecraft:damage_dealt_absorbed":131,"minecraft:play_time":201281,"minecraft:sneak_time":9537,"minecraft:deaths":7,"minecraft:walk_under_water_one_cm":8086,"minecraft:jump":4900,"minecraft:walk_on_water_one_cm":28548,"minecraft:total_world_time":201281,"minecraft:interact_with_furnace":23,"minecraft:sleep_in_bed":6,"minecraft:time_since_rest":16679,"minecraft:damage_taken":14110,"minecraft:damage_dealt":34168,"minecraft:player_kills":11,"minecraft:swim_one_cm":30812,"minecraft:fly_one_cm":1088822,"minecraft:open_chest":46,"minecraft:crouch_one_cm":32159,"minecraft:fall_one_cm":258551},"minecraft:killed_by":{"projectjjk:grade_3_cursed_spirit_3_entity":2,"projectjjk:grade_1_cursed_spirit_1_entity":1,"projectjjk:grade_2_cursed_spirit_1_entity":1},"minecraft:picked_up":{"minecraft:crafting_table":6,"minecraft:chicken":2,"minecraft:nether_brick_fence":1,"minecraft:leather_leggings":1,"minecraft:wooden_pickaxe":1,"minecraft:chain":16,"minecraft:cornflower":1,"minecraft:string":5,"minecraft:moss_carpet":2,"minecraft:raw_copper":2,"minecraft:blackstone":38,"minecraft:cobbled_deepslate":56,"minecraft:calcite":1,"minecraft:chest":4,"minecraft:furnace":2,"minecraft:egg":4,"minecraft:stick":5,"minecraft:raw_iron":63,"minecraft:oak_door":1,"minecraft:torch":6,"minecraft:porkchop":5,"minecraft:polished_blackstone_bricks":28,"minecraft:howl_pottery_sherd":1,"minecraft:stone_sword":1,"minecraft:arrow":1,"minecraft:rotten_flesh":31,"minecraft:decorated_pot":1,"minecraft:nether_bricks":19,"minecraft:blackstone_wall":2,"minecraft:pink_tulip":1,"minecraft:blackstone_stairs":3,"minecraft:obsidian":2,"minecraft:mutton":5,"minecraft:nether_brick_wall":2,"minecraft:white_wool":5,"minecraft:cobblestone":63,"minecraft:leather_chestplate":1,"minecraft:feather":4,"minecraft:cooked_beef":41,"minecraft:basalt":13,"minecraft:flint":1,"minecraft:tuff":3,"minecraft:oak_log":136,"minecraft:ancient_debris":1,"minecraft:gunpowder":1,"minecraft:dirt":141,"minecraft:leather_boots":1,"minecraft:cooked_mutton":39,"minecraft:bone":7,"minecraft:apple":2,"minecraft:wheat_seeds":29,"minecraft:iron_ingot":3,"projectjjk:cursed_key":10,"minecraft:oak_planks":51,"minecraft:cooked_porkchop":68,"minecraft:music_disc_13":1,"minecraft:dandelion":1,"minecraft:gravel":3,"minecraft:white_bed":4,"minecraft:spider_eye":1,"minecraft:leather_helmet":1,"minecraft:slime_ball":7,"minecraft:diamond":13,"minecraft:soul_lantern":1,"minecraft:cracked_polished_blackstone_bricks":13,"minecraft:oak_sapling":2,"minecraft:coal":57,"minecraft:ender_pearl":1},"minecraft:used":{"minecraft:nether_brick_fence":1,"minecraft:stone_sword":205,"minecraft:flint_and_steel":3,"minecraft:chest":12,"minecraft:decorated_pot":1,"minecraft:iron_sword":667,"minecraft:oak_door":4,"minecraft:torch":14,"minecraft:dirt":69,"minecraft:nether_bricks":9,"minecraft:lava_bucket":11,"minecraft:iron_axe":219,"minecraft:furnace":3,"minecraft:egg":3,"minecraft:cooked_beef":29,"minecraft:cobbled_deepslate":48,"minecraft:calcite":1,"minecraft:cooked_mutton":39,"minecraft:water_bucket":36,"minecraft:nether_brick_wall":1,"minecraft:blackstone_stairs":1,"minecraft:oak_planks":360,"minecraft:stone_pickaxe":85,"minecraft:blackstone":15,"minecraft:wooden_pickaxe":8,"minecraft:white_wool":2,"minecraft:crafting_table":6,"minecraft:white_bed":3,"minecraft:blackstone_wall":2,"minecraft:oak_log":28,"minecraft:diamond_pickaxe":92,"minecraft:apple":1,"minecraft:cracked_polished_blackstone_bricks":1,"minecraft:string":1,"minecraft:iron_pickaxe":121,"minecraft:gravel":2,"minecraft:stone_axe":11,"minecraft:cobblestone":45,"minecraft:cooked_porkchop":48,"minecraft:bucket":48,"minecraft:dandelion":1},"minecraft:dropped":{"minecraft:porkchop":5,"minecraft:wheat_seeds":29,"minecraft:crafting_table":1,"minecraft:feather":4,"minecraft:apple":1,"minecraft:nether_brick_wall":1,"minecraft:blackstone_stairs":2,"minecraft:music_disc_13":1,"minecraft:cracked_polished_blackstone_bricks":12,"minecraft:dirt":13,"minecraft:cornflower":1,"minecraft:mutton":2,"minecraft:chain":16,"minecraft:polished_blackstone_bricks":11,"minecraft:iron_shovel":1,"minecraft:string":4,"minecraft:white_wool":3,"minecraft:pink_tulip":1,"minecraft:bone":7,"minecraft:oak_door":3,"minecraft:gravel":1,"minecraft:moss_carpet":2,"minecraft:stone_axe":1,"minecraft:stone_sword":2,"minecraft:cobbled_deepslate":8,"minecraft:raw_copper":2,"minecraft:tuff":3,"minecraft:obsidian":2,"minecraft:soul_lantern":1,"minecraft:rotten_flesh":31,"minecraft:white_bed":1,"minecraft:gunpowder":1,"minecraft:howl_pottery_sherd":1,"minecraft:oak_sapling":2,"minecraft:spider_eye":1,"minecraft:basalt":13,"minecraft:arrow":1,"minecraft:wooden_pickaxe":2,"minecraft:stone_pickaxe":1,"minecraft:egg":1}},"DataVersion":3700}