{"stats":{"minecraft:crafted":{"minecraft:furnace":1,"minecraft:iron_boots":1,"minecraft:iron_axe":1,"minecraft:stone_pickaxe":1,"minecraft:wooden_pickaxe":1,"minecraft:stone_axe":1,"minecraft:air":0,"minecraft:iron_ingot":21,"minecraft:iron_pickaxe":1,"minecraft:iron_leggings":1},"minecraft:broken":{"mowziesmobs:umvuthana_mask_fear":2,"minecraft:iron_boots":1,"minecraft:iron_chestplate":1,"minecraft:iron_leggings":2,"mowziesmobs:umvuthana_mask_rage":2,"minecraft:diamond_boots":1,"mowziesmobs:umvuthana_mask_misery":1,"minecraft:iron_helmet":1},"minecraft:mined":{"minecraft:tuff":2,"regions_unexplored:joshua_beard":1,"create:fluid_tank":1,"dimensionalpocketsii:block_dimensional_ore":8,"minecraft:acacia_log":3,"create:large_cogwheel":2,"minecraft:decorated_pot":8,"create:shaft":4,"minecraft:furnace":1,"minecraft:iron_ore":18,"minecraft:barrel":1,"ars_additions:warp_nexus":1,"minecraft:andesite":2,"minecraft:stripped_acacia_log":3,"regions_unexplored:joshua_planks":30,"minecraft:stone":29,"create:andesite_encased_large_cogwheel":1,"regions_unexplored:silt_grass_block":2,"minecraft:green_bed":8,"regions_unexplored:dead_steppe_shrub":2,"create:cogwheel":3,"spelunkery:mineomite":1,"create:metal_girder":1,"minecraft:crafting_table":3,"create:fluid_pipe":4,"create:mechanical_pump":1,"create:water_wheel":1,"minecraft:tall_grass":2,"minecraft:cobblestone":7,"create:copper_valve_handle":1,"minecraft:oak_planks":2,"minecraft:sugar_cane":3,"minecraft:chain":1,"regions_unexplored:socotra_log":11,"create:flywheel":2,"create:rope_pulley":1,"ars_nouveau:archwood_planks":1,"create:gearbox":6,"regions_unexplored:steppe_shrub":1,"create:copycat_panel":6,"create:industrial_iron_block":1,"regions_unexplored:joshua_log":38,"minecraft:grass":6,"minecraft:coal_ore":11,"minecraft:sand":3,"minecraft:terracotta":9,"minecraft:cracked_stone_bricks":17,"minecraft:acacia_planks":18,"minecraft:stone_bricks":18,"minecraft:mossy_stone_bricks":27,"create:andesite_encased_shaft":4,"minecraft:fern":1},"minecraft:picked_up":{"minecraft:crafting_table":3,"create:metal_bracket":3,"regions_unexplored:silt_dirt":2,"alexsmobs:roadrunner_feather":2,"minecraft:chain":1,"create:fluid_pipe":4,"jujutsucraft:sword_ogi":1,"minecraft:iron_shovel":1,"create:water_wheel":1,"minecraft:cracked_stone_bricks":17,"jujutsucraft:sword_black":2,"minecraft:sugar_cane":5,"minecraft:furnace":1,"jujutsucraft:hair_fushiguro_megumi_helmet":1,"minecraft:golden_helmet":1,"minecraft:stick":31,"minecraft:raw_iron":18,"endermanoverhaul:savanna_hood":2,"minecraft:acacia_log":19,"minecraft:green_bed":8,"create:vertical_gearbox":2,"spelunkery:mineomite":1,"regions_unexplored:socotra_log":11,"regions_unexplored:silt_grass_block":3,"regions_unexplored:socotra_leaves":1,"create:large_cogwheel":3,"create:industrial_iron_block":6,"jujutsucraft:clothes_fushiguro_toji_leggings":2,"regions_unexplored:joshua_log":37,"minecraft:decorated_pot":9,"minecraft:mutton":6,"minecraft:white_wool":1,"minecraft:cobblestone":38,"regions_unexplored:steppe_tall_grass":2,"minecraft:feather":13,"create:fluid_tank":1,"create:rope_pulley":1,"regions_unexplored:joshua_planks":28,"regions_unexplored:dead_steppe_shrub":3,"minecraft:acacia_planks":23,"minecraft:stone_bricks":18,"mowziesmobs:umvuthana_mask_rage":2,"minecraft:wheat_seeds":1,"create:metal_girder":1,"create:shaft":8,"minecraft:mossy_stone_bricks":27,"create:flywheel":2,"minecraft:oak_planks":2,"minecraft:iron_sword":1,"mowziesmobs:umvuthana_mask_misery":4,"ars_additions:warp_nexus":1,"regions_unexplored:small_desert_shrub":1,"regions_unexplored:steppe_grass":1,"create:cogwheel":3,"minecraft:sand":3,"create:copycat_panel":6,"dimensionalpocketsii:dimensional_shard":22,"regions_unexplored:palm_button":3,"create:gearbox":4,"minecraft:barrel":2,"minecraft:stripped_acacia_log":3,"regions_unexplored:steppe_shrub":2,"create:mechanical_pump":1,"minecraft:crossbow":1,"minecraft:grass":1,"jujutsucraft:clothes_sukuna_fushiguro_chestplate":2,"minecraft:gray_wool":2,"minecraft:bread":9,"mowziesmobs:umvuthana_mask_fear":3,"minecraft:terracotta":8,"alexsmobs:maggot":11,"minecraft:oak_sapling":1,"create:copper_valve_handle":1,"jujutsucraft:item_master_six_eyes":1,"minecraft:coal":19,"minecraft:ender_pearl":3},"minecraft:used":{"mowziesmobs:umvuthana_mask_misery":2,"mowziesmobs:umvuthana_mask_fear":4,"minecraft:decorated_pot":8,"create:metal_girder":1,"minecraft:iron_axe":73,"jujutsucraft:hair_fushiguro_megumi_helmet":2,"minecraft:iron_helmet":2,"minecraft:iron_boots":1,"minecraft:stone_bricks":3,"mowziesmobs:umvuthana_mask_rage":2,"minecraft:furnace":1,"minecraft:acacia_planks":46,"minecraft:iron_leggings":2,"jujutsucraft:sword_black":1,"minecraft:diamond_boots":1,"minecraft:stone_pickaxe":61,"minecraft:wooden_pickaxe":8,"jujutsucraft:uniform_normal_boots":1,"minecraft:green_bed":8,"regions_unexplored:joshua_planks":198,"minecraft:terracotta":8,"minecraft:sand":3,"minecraft:crafting_table":3,"spelunkery:mineomite":1,"jujutsucraft:uniform_normal_chestplate":1,"minecraft:iron_pickaxe":108,"minecraft:stone_axe":40,"minecraft:cobblestone":14,"minecraft:chain":1,"jujutsucraft:uniform_normal_leggings":1,"regions_unexplored:palm_button":1},"minecraft:killed":{"jujutsucraft:mimiko":1,"jujutsucraft:cursed_spirit_grade_32":19,"jujutsucraft:cursed_spirit_grade_21":1,"jujutsucraft:transfigured_human_3":4,"guardvillagers:guard":3,"jujutsucraft:cursed_spirit_grade_31":3,"jujutsucraft:cursed_spirit_grade_33":15,"jujutsucraft:stevenson_screen":1,"jujutsucraft:nue":2,"jujutsucraft:cursed_spirit_grade_24":2,"jujutsucraft:tiger_funeral":2,"jujutsucraft:cursed_spirit_grade_35":2,"jujutsucraft:round_deer":2,"jujutsucraft:yoshino_junpei":2,"jujutsucraft:cursed_spirit_grade_318":5,"jujutsucraft:cursed_spirit_grade_316":6,"jujutsucraft:cursed_spirit_grade_26":1,"alexsmobs:seagull":1,"jujutsucraft:transfigured_human_2":2,"jujutsucraft:miwa_kasumi":1,"endermanoverhaul:scarab":4,"jujutsucraft:cursed_spirit_grade_04":1,"jujutsucraft:cursed_spirit_grade_39":21,"endermanoverhaul:desert_enderman":1,"jujutsucraft:cursed_spirit_grade_312":3,"jujutsucraft:cursed_spirit_grade_313":4,"jujutsucraft:cursed_spirit_grade_215":1,"jujutsucraft:cursed_spirit_grade_15":1,"jujutsucraft:toad":2,"jujutsucraft:divine_dog_black":2,"jujutsucraft:cursed_spirit_grade_19":1,"jujutsucraft:cursed_spirit_grade_16":4,"jujutsucraft:rabbit_escape":139,"jujutsucraft:cursed_spirit_grade_317":9,"jujutsucraft:cursed_spirit_grade_38":7,"jujutsucraft:cursed_spirit_grade_34":15,"jujutsucraft:transfigured_human_1":1,"jujutsucraft:nobara_kugisaki":2,"minecraft:tropical_fish":1,"alexsmobs:triops":6,"alexsmobs:flying_fish":1,"minecraft:ocelot":1,"jujutsucraft:cursed_spirit_grade_210":2,"alexsmobs:guster":8,"jujutsucraft:kukuru":4,"jujutsucraft:max_elephant":3,"jujutsucraft:jujutsu_sorcerer":4,"jujutsucraft:cursed_spirit_grade_213":1,"minecraft:rabbit":1,"jujutsucraft:piercing_ox":1,"minecraft:wandering_trader":1,"jujutsucraft:curse_user_1":2,"mowziesmobs:umvuthana_follower_raptor":44,"jujutsucraft:cursed_spirit_grade_211":2,"jujutsucraft:curse_user":4,"jujutsucraft:great_serpent":3,"minecraft:squid":2,"jujutsucraft:divine_dog_white":2,"endermanoverhaul:savanna_enderman":12,"jujutsucraft:cursed_spirit_grade_321":13,"alexsmobs:catfish":1,"minecraft:trader_llama":2,"jujutsucraft:cursed_spirit_grade_314":18,"jujutsucraft:entity_scissors":14,"alexsmobs:elephant":1,"jujutsucraft:cursed_spirit_grade_311":8,"jujutsucraft:cursed_spirit_grade_310":8,"alexsmobs:terrapin":1,"jujutsucraft:negi_toshihisa":1,"jujutsucraft:cursed_spirit_grade_36":17,"alexsmobs:roadrunner":1,"alexsmobs:fly":46,"jujutsucraft:cursed_spirit_grade_25":3,"jujutsucraft:moon_dregs":1,"jujutsucraft:cursed_spirit_grade_315":11,"jujutsucraft:cursed_spirit_grade_319":8,"minecraft:player":46,"jujutsucraft:cursed_spirit_grade_322":18,"mowziesmobs:umvuthana_raptor":3,"minecraft:villager":5,"jujutsucraft:q":5,"alexsmobs:jerboa":6,"jujutsucraft:ogami":1},"minecraft:dropped":{"minecraft:bread":9,"minecraft:iron_sword":1,"minecraft:wheat_seeds":1,"minecraft:golden_helmet":1,"minecraft:ender_pearl":1,"minecraft:decorated_pot":1,"minecraft:crossbow":1,"minecraft:feather":13,"minecraft:cobblestone":10,"mowziesmobs:umvuthana_mask_fear":1,"jujutsucraft:sword_black":2,"minecraft:cracked_stone_bricks":17,"minecraft:acacia_log":3,"jujutsucraft:hair_fushiguro_megumi_helmet":2,"minecraft:grass":1,"minecraft:gray_wool":2,"jujutsucraft:item_insect":1,"alexsmobs:roadrunner_feather":2,"minecraft:mutton":4,"regions_unexplored:dead_steppe_shrub":3,"regions_unexplored:palm_button":2,"minecraft:iron_shovel":2,"endermanoverhaul:savanna_hood":1,"minecraft:acacia_planks":6,"minecraft:stone_axe":1,"alexsmobs:maggot":11,"jujutsucraft:clothes_sukuna_fushiguro_chestplate":3,"minecraft:oak_planks":2,"regions_unexplored:steppe_shrub":1,"regions_unexplored:steppe_tall_grass":2,"jujutsucraft:clothes_fushiguro_toji_leggings":3,"regions_unexplored:silt_grass_block":3,"mowziesmobs:umvuthana_mask_misery":3,"regions_unexplored:steppe_grass":1,"regions_unexplored:socotra_leaves":1,"minecraft:mossy_stone_bricks":27,"minecraft:oak_sapling":1,"regions_unexplored:small_desert_shrub":1,"minecraft:stone_bricks":15,"minecraft:barrel":2,"jujutsucraft:clothes_zenin_boots":1,"minecraft:stone_pickaxe":1,"minecraft:wooden_pickaxe":1,"regions_unexplored:silt_dirt":2},"minecraft:killed_by":{"minecraft:player":36,"jujutsucraft:cursed_spirit_grade_16":1,"jujutsucraft:cursed_spirit_grade_12":1,"jujutsucraft:cursed_spirit_grade_03":5,"jujutsucraft:cursed_spirit_grade_213":1,"jujutsucraft:cursed_spirit_grade_19":2,"jujutsucraft:cursed_spirit_grade_314":1,"jujutsucraft:cursed_spirit_grade_315":1,"alexsmobs:cachalot_whale":1,"jujutsucraft:cursed_spirit_grade_04":12,"jujutsucraft:curse_user":1,"jujutsucraft:great_serpent":5,"jujutsucraft:jogo":1,"jujutsucraft:q":1,"jujutsucraft:cursed_spirit_grade_21":2,"jujutsucraft:cursed_spirit_grade_06":2},"minecraft:custom":{"minecraft:mob_kills":612,"minecraft:interact_with_crafting_table":10,"minecraft:open_barrel":17,"minecraft:damage_dealt_resisted":97252,"minecraft:leave_game":6,"minecraft:time_since_death":6853,"minecraft:climb_one_cm":2661,"minecraft:damage_resisted":16187,"minecraft:sprint_one_cm":484487,"minecraft:walk_one_cm":418249,"minecraft:drop":80,"minecraft:play_time":242357,"minecraft:deaths":78,"minecraft:sneak_time":18213,"minecraft:walk_under_water_one_cm":20701,"minecraft:jump":5312,"minecraft:total_world_time":242357,"minecraft:walk_on_water_one_cm":181612,"minecraft:interact_with_furnace":9,"minecraft:sleep_in_bed":7,"minecraft:time_since_rest":6880,"minecraft:damage_taken":34963,"minecraft:damage_dealt":282,"minecraft:player_kills":16,"minecraft:swim_one_cm":153670,"minecraft:fly_one_cm":2003375,"minecraft:crouch_one_cm":38617,"minecraft:open_chest":8,"minecraft:fall_one_cm":360113}},"DataVersion":3465}