{"stats":{"minecraft:crafted":{"minecraft:wooden_pickaxe":1,"minecraft:stone_axe":1,"minecraft:stone_pickaxe":1},"minecraft:mined":{"minecraft:crafting_table":1,"minecraft:acacia_log":3,"minecraft:decorated_pot":1,"minecraft:oak_planks":2,"regions_unexplored:socotra_log":11,"regions_unexplored:steppe_shrub":1,"minecraft:stripped_acacia_log":3,"minecraft:stone":8,"regions_unexplored:silt_grass_block":1,"minecraft:green_bed":2},"minecraft:picked_up":{"minecraft:crafting_table":1,"regions_unexplored:silt_dirt":1,"alexsmobs:roadrunner_feather":1,"regions_unexplored:dead_steppe_shrub":1,"jujutsucraft:sword_ogi":1,"minecraft:oak_planks":2,"regions_unexplored:small_desert_shrub":1,"regions_unexplored:steppe_grass":1,"minecraft:acacia_log":9,"minecraft:green_bed":2,"regions_unexplored:socotra_log":11,"minecraft:stripped_acacia_log":3,"regions_unexplored:steppe_shrub":2,"minecraft:decorated_pot":1,"minecraft:grass":1,"minecraft:gray_wool":2,"alexsmobs:maggot":4,"minecraft:mutton":6,"minecraft:white_wool":1,"minecraft:cobblestone":12,"minecraft:ender_pearl":1},"minecraft:used":{"jujutsucraft:sword_black":1,"minecraft:decorated_pot":1,"minecraft:wooden_pickaxe":8,"jujutsucraft:uniform_normal_boots":1,"minecraft:green_bed":1,"minecraft:crafting_table":1,"jujutsucraft:uniform_normal_chestplate":1,"jujutsucraft:hair_fushiguro_megumi_helmet":1,"minecraft:stone_axe":3,"jujutsucraft:uniform_normal_leggings":1},"minecraft:killed":{"jujutsucraft:cursed_spirit_grade_32":1,"jujutsucraft:stevenson_screen":1,"jujutsucraft:kukuru":2,"jujutsucraft:round_deer":1,"minecraft:wandering_trader":1,"jujutsucraft:curse_user":1,"jujutsucraft:great_serpent":1,"jujutsucraft:cursed_spirit_grade_321":1,"minecraft:trader_llama":2,"jujutsucraft:cursed_spirit_grade_312":1,"alexsmobs:elephant":1,"jujutsucraft:cursed_spirit_grade_310":1,"jujutsucraft:toad":2,"jujutsucraft:rabbit_escape":40,"jujutsucraft:cursed_spirit_grade_36":2,"alexsmobs:roadrunner":1,"alexsmobs:fly":8,"jujutsucraft:cursed_spirit_grade_317":2,"jujutsucraft:cursed_spirit_grade_38":1,"jujutsucraft:cursed_spirit_grade_34":1,"jujutsucraft:cursed_spirit_grade_319":1,"minecraft:player":14,"minecraft:tropical_fish":1,"alexsmobs:triops":1},"minecraft:dropped":{"alexsmobs:maggot":4,"minecraft:ender_pearl":1,"minecraft:cobblestone":6,"minecraft:oak_planks":2,"regions_unexplored:steppe_shrub":1,"minecraft:grass":1,"minecraft:gray_wool":2,"regions_unexplored:steppe_grass":1,"minecraft:mutton":4,"regions_unexplored:small_desert_shrub":1,"regions_unexplored:dead_steppe_shrub":1,"minecraft:wooden_pickaxe":1,"regions_unexplored:silt_dirt":1},"minecraft:custom":{"minecraft:mob_kills":78,"minecraft:interact_with_crafting_table":4,"minecraft:open_barrel":2,"minecraft:damage_dealt_resisted":9326,"minecraft:leave_game":2,"minecraft:time_since_death":2865,"minecraft:climb_one_cm":142,"minecraft:damage_resisted":1912,"minecraft:time_since_rest":2908,"minecraft:sprint_one_cm":130024,"minecraft:damage_taken":12552,"minecraft:walk_one_cm":80790,"minecraft:drop":20,"minecraft:damage_dealt":20,"minecraft:swim_one_cm":12607,"minecraft:fly_one_cm":349455,"minecraft:open_chest":3,"minecraft:crouch_one_cm":292,"minecraft:play_time":45615,"minecraft:deaths":38,"minecraft:sneak_time":157,"minecraft:walk_under_water_one_cm":1557,"minecraft:jump":1202,"minecraft:walk_on_water_one_cm":5351,"minecraft:total_world_time":45615,"minecraft:fall_one_cm":64395},"minecraft:killed_by":{"jujutsucraft:great_serpent":5,"minecraft:player":14,"jujutsucraft:cursed_spirit_grade_315":1,"jujutsucraft:cursed_spirit_grade_21":2,"jujutsucraft:cursed_spirit_grade_04":12,"jujutsucraft:curse_user":1}},"DataVersion":3465}