{"stats":{"minecraft:picked_up":{"regions_unexplored:steppe_grass":1,"regions_unexplored:silt_dirt":1,"minecraft:acacia_log":6,"regions_unexplored:socotra_log":11,"jujutsucraft:sword_ogi":1,"regions_unexplored:steppe_shrub":2,"minecraft:gray_wool":2,"alexsmobs:maggot":2,"minecraft:mutton":6,"minecraft:white_wool":1,"minecraft:ender_pearl":1},"minecraft:mined":{"regions_unexplored:socotra_log":11,"regions_unexplored:steppe_shrub":1,"regions_unexplored:silt_grass_block":1},"minecraft:killed":{"jujutsucraft:cursed_spirit_grade_312":1,"jujutsucraft:stevenson_screen":1,"jujutsucraft:rabbit_escape":40,"jujutsucraft:cursed_spirit_grade_36":1,"alexsmobs:fly":2,"jujutsucraft:round_deer":1,"jujutsucraft:cursed_spirit_grade_38":1,"minecraft:player":2,"jujutsucraft:cursed_spirit_grade_321":1},"minecraft:used":{"jujutsucraft:sword_black":1,"jujutsucraft:hair_fushiguro_megumi_helmet":1,"jujutsucraft:uniform_normal_boots":1,"jujutsucraft:uniform_normal_leggings":1,"jujutsucraft:uniform_normal_chestplate":1},"minecraft:dropped":{"alexsmobs:maggot":2,"minecraft:gray_wool":2,"regions_unexplored:steppe_grass":1,"minecraft:ender_pearl":1,"minecraft:mutton":4,"regions_unexplored:steppe_shrub":1,"regions_unexplored:silt_dirt":1},"minecraft:killed_by":{"minecraft:player":2,"jujutsucraft:cursed_spirit_grade_315":1,"jujutsucraft:cursed_spirit_grade_04":12,"jujutsucraft:curse_user":1},"minecraft:custom":{"minecraft:time_since_rest":62,"minecraft:sprint_one_cm":55472,"minecraft:damage_taken":5177,"minecraft:walk_one_cm":24414,"minecraft:mob_kills":49,"minecraft:drop":10,"minecraft:damage_dealt":20,"minecraft:fly_one_cm":184140,"minecraft:crouch_one_cm":84,"minecraft:play_time":18053,"minecraft:deaths":18,"minecraft:sneak_time":34,"minecraft:jump":626,"minecraft:damage_dealt_resisted":2441,"minecraft:leave_game":1,"minecraft:time_since_death":37,"minecraft:total_world_time":18053,"minecraft:damage_resisted":72,"minecraft:fall_one_cm":24205}},"DataVersion":3465}