{"stats":{"minecraft:crafted":{"minecraft:stone_pickaxe":1,"minecraft:wooden_pickaxe":1,"minecraft:stone_axe":1},"minecraft:mined":{"regions_unexplored:socotra_log":11,"regions_unexplored:steppe_shrub":1,"minecraft:acacia_log":3,"minecraft:decorated_pot":1,"minecraft:stripped_acacia_log":3,"minecraft:stone":8,"regions_unexplored:silt_grass_block":1},"minecraft:picked_up":{"regions_unexplored:small_desert_shrub":1,"regions_unexplored:steppe_grass":1,"regions_unexplored:silt_dirt":1,"minecraft:acacia_log":9,"regions_unexplored:dead_steppe_shrub":1,"regions_unexplored:socotra_log":11,"minecraft:stripped_acacia_log":3,"jujutsucraft:sword_ogi":1,"regions_unexplored:steppe_shrub":2,"minecraft:decorated_pot":1,"minecraft:grass":1,"minecraft:gray_wool":2,"alexsmobs:maggot":4,"minecraft:mutton":6,"minecraft:white_wool":1,"minecraft:cobblestone":8,"minecraft:ender_pearl":1},"minecraft:killed":{"jujutsucraft:cursed_spirit_grade_312":1,"jujutsucraft:stevenson_screen":1,"jujutsucraft:toad":1,"jujutsucraft:rabbit_escape":40,"jujutsucraft:cursed_spirit_grade_36":2,"alexsmobs:fly":8,"jujutsucraft:round_deer":1,"jujutsucraft:cursed_spirit_grade_38":1,"jujutsucraft:cursed_spirit_grade_34":1,"minecraft:player":10,"jujutsucraft:great_serpent":1,"jujutsucraft:cursed_spirit_grade_321":1},"minecraft:used":{"jujutsucraft:sword_black":1,"jujutsucraft:hair_fushiguro_megumi_helmet":1,"minecraft:decorated_pot":1,"minecraft:wooden_pickaxe":8,"jujutsucraft:uniform_normal_boots":1,"minecraft:crafting_table":1,"jujutsucraft:uniform_normal_leggings":1,"jujutsucraft:uniform_normal_chestplate":1},"minecraft:dropped":{"minecraft:grass":1,"alexsmobs:maggot":4,"minecraft:gray_wool":2,"regions_unexplored:steppe_grass":1,"minecraft:ender_pearl":1,"minecraft:mutton":4,"regions_unexplored:small_desert_shrub":1,"regions_unexplored:dead_steppe_shrub":1,"minecraft:wooden_pickaxe":1,"regions_unexplored:steppe_shrub":1,"regions_unexplored:silt_dirt":1},"minecraft:killed_by":{"jujutsucraft:great_serpent":5,"minecraft:player":10,"jujutsucraft:cursed_spirit_grade_315":1,"jujutsucraft:cursed_spirit_grade_21":2,"jujutsucraft:cursed_spirit_grade_04":12,"jujutsucraft:curse_user":1},"minecraft:custom":{"minecraft:time_since_rest":4284,"minecraft:sprint_one_cm":95329,"minecraft:damage_taken":10736,"minecraft:walk_one_cm":54336,"minecraft:mob_kills":62,"minecraft:drop":16,"minecraft:damage_dealt":20,"minecraft:swim_one_cm":940,"minecraft:interact_with_crafting_table":3,"minecraft:open_barrel":1,"minecraft:fly_one_cm":265076,"minecraft:crouch_one_cm":98,"minecraft:play_time":30053,"minecraft:deaths":34,"minecraft:sneak_time":50,"minecraft:walk_under_water_one_cm":335,"minecraft:jump":907,"minecraft:damage_dealt_resisted":7194,"minecraft:leave_game":1,"minecraft:walk_on_water_one_cm":750,"minecraft:time_since_death":4256,"minecraft:climb_one_cm":142,"minecraft:total_world_time":30053,"minecraft:damage_resisted":1459,"minecraft:fall_one_cm":46613}},"DataVersion":3465}