{"stats":{"minecraft:mined":{"regions_unexplored:socotra_log":11,"regions_unexplored:silt_grass_block":1},"minecraft:picked_up":{"regions_unexplored:socotra_log":11,"jujutsucraft:sword_ogi":1,"regions_unexplored:silt_dirt":1,"alexsmobs:maggot":1},"minecraft:used":{"jujutsucraft:uniform_normal_leggings":1,"jujutsucraft:hair_fushiguro_megumi_helmet":1,"jujutsucraft:uniform_normal_boots":1,"jujutsucraft:uniform_normal_chestplate":1},"minecraft:killed":{"alexsmobs:fly":2,"jujutsucraft:round_deer":1,"jujutsucraft:stevenson_screen":1},"minecraft:dropped":{"alexsmobs:maggot":1,"regions_unexplored:silt_dirt":1},"minecraft:custom":{"minecraft:time_since_rest":6053,"minecraft:crouch_one_cm":83,"minecraft:sprint_one_cm":15672,"minecraft:play_time":6053,"minecraft:damage_taken":10,"minecraft:walk_one_cm":8853,"minecraft:sneak_time":33,"minecraft:mob_kills":4,"minecraft:drop":2,"minecraft:damage_dealt_resisted":1275,"minecraft:jump":115,"minecraft:damage_dealt":20,"minecraft:leave_game":1,"minecraft:time_since_death":6053,"minecraft:total_world_time":6053,"minecraft:fall_one_cm":2057,"minecraft:fly_one_cm":24083}},"DataVersion":3465}