{"stats":{"minecraft:crafted":{"minecraft:iron_boots":1,"minecraft:wooden_pickaxe":1,"minecraft:iron_pickaxe":1,"minecraft:iron_ingot":21,"minecraft:furnace":1,"minecraft:iron_axe":1,"minecraft:stone_pickaxe":1,"minecraft:stone_axe":1,"minecraft:air":0,"minecraft:iron_leggings":1},"minecraft:broken":{"mowziesmobs:umvuthana_mask_fear":2,"mowziesmobs:umvuthana_mask_faith":1,"minecraft:iron_boots":1,"minecraft:iron_chestplate":1,"minecraft:iron_leggings":2,"mowziesmobs:umvuthana_mask_rage":2,"minecraft:diamond_boots":1,"mowziesmobs:umvuthana_mask_misery":1,"minecraft:iron_helmet":1},"minecraft:mined":{"regions_unexplored:joshua_beard":1,"dimensionalpocketsii:block_dimensional_ore":8,"minecraft:acacia_log":28,"minecraft:deepslate_bricks":3,"minecraft:spawner":1,"minecraft:iron_ore":18,"minecraft:barrel":1,"ars_additions:warp_nexus":1,"regions_unexplored:silt_grass_block":5,"minecraft:green_bed":11,"regions_unexplored:dead_steppe_shrub":2,"create:cogwheel":3,"spelunkery:mineomite":1,"regions_unexplored:small_desert_shrub":1,"minecraft:dead_bush":2,"minecraft:cobblestone":7,"create:copper_valve_handle":1,"minecraft:sugar_cane":3,"minecraft:oak_planks":2,"minecraft:chain":1,"regions_unexplored:socotra_log":15,"create:flywheel":2,"create:rope_pulley":1,"ars_nouveau:archwood_planks":1,"create:copycat_panel":6,"minecraft:tnt":8,"create:industrial_iron_block":1,"minecraft:grass":7,"regions_unexplored:joshua_log":38,"minecraft:dirt":1,"minecraft:sand":3,"minecraft:suspicious_gravel":2,"minecraft:tuff":2,"minecraft:deepslate_diamond_ore":7,"create:fluid_tank":1,"create:large_cogwheel":2,"minecraft:decorated_pot":9,"regions_unexplored:socotra_leaves":1,"create:shaft":4,"minecraft:furnace":1,"minecraft:andesite":2,"minecraft:rail":1,"minecraft:stripped_acacia_log":3,"regions_unexplored:joshua_planks":30,"minecraft:stone":59,"create:andesite_encased_large_cogwheel":1,"minecraft:podzol":4,"minecraft:acacia_leaves":3,"create:metal_girder":1,"minecraft:crafting_table":6,"create:fluid_pipe":4,"create:mechanical_pump":1,"regions_unexplored:silt_dirt":3,"create:water_wheel":1,"minecraft:tall_grass":2,"create:gearbox":6,"regions_unexplored:steppe_shrub":4,"minecraft:coal_ore":11,"minecraft:cobweb":14,"minecraft:cracked_stone_bricks":17,"minecraft:terracotta":9,"minecraft:acacia_planks":33,"minecraft:stone_bricks":18,"minecraft:mossy_stone_bricks":27,"create:andesite_encased_shaft":4,"minecraft:fern":1},"minecraft:picked_up":{"create:metal_bracket":3,"regions_unexplored:silt_dirt":2,"create:water_wheel":1,"jujutsucraft:sword_black":2,"iceandfire:dragonscales_red":9,"minecraft:furnace":1,"minecraft:golden_helmet":1,"minecraft:stick":39,"endermanoverhaul:savanna_hood":2,"minecraft:green_bed":11,"minecraft:acacia_log":43,"spelunkery:mineomite":1,"regions_unexplored:socotra_log":15,"regions_unexplored:socotra_leaves":1,"create:large_cogwheel":3,"create:industrial_iron_block":6,"jujutsucraft:naginata":1,"iceandfire:fire_dragon_heart":1,"minecraft:cobblestone":39,"minecraft:feather":14,"create:fluid_tank":1,"create:rope_pulley":1,"regions_unexplored:dead_steppe_shrub":3,"minecraft:acacia_planks":38,"minecraft:wheat_seeds":1,"create:shaft":8,"create:flywheel":2,"minecraft:mossy_stone_bricks":27,"minecraft:oak_planks":2,"ars_additions:warp_nexus":1,"spelunkery:rough_diamond_shard":2,"regions_unexplored:steppe_grass":1,"create:cogwheel":3,"minecraft:sand":5,"create:copycat_panel":6,"minecraft:dead_bush":1,"regions_unexplored:palm_button":3,"minecraft:barrel":2,"minecraft:stripped_acacia_log":3,"alexsmobs:guster_eye":2,"minecraft:crossbow":1,"minecraft:grass":4,"minecraft:bread":9,"alexsmobs:maggot":13,"minecraft:oak_sapling":1,"create:copper_valve_handle":1,"jujutsucraft:item_master_six_eyes":1,"minecraft:crafting_table":3,"alexsmobs:roadrunner_feather":2,"minecraft:chain":1,"create:fluid_pipe":4,"minecraft:iron_shovel":1,"jujutsucraft:sword_ogi":1,"minecraft:cracked_stone_bricks":17,"minecraft:sugar_cane":5,"jujutsucraft:hair_fushiguro_megumi_helmet":1,"minecraft:raw_iron":18,"create:vertical_gearbox":2,"regions_unexplored:silt_grass_block":3,"mowziesmobs:umvuthana_mask_faith":1,"minecraft:tnt":1,"jujutsucraft:clothes_fushiguro_toji_leggings":2,"regions_unexplored:joshua_log":37,"minecraft:decorated_pot":9,"create:experience_nugget":12,"minecraft:mutton":6,"minecraft:white_wool":1,"regions_unexplored:steppe_tall_grass":2,"regions_unexplored:joshua_planks":28,"mowziesmobs:umvuthana_mask_rage":2,"minecraft:stone_bricks":18,"create:metal_girder":1,"iceandfire:fire_dragon_flesh":3,"mowziesmobs:umvuthana_mask_misery":6,"minecraft:iron_sword":1,"minecraft:acacia_sapling":6,"regions_unexplored:small_desert_shrub":1,"dimensionalpocketsii:dimensional_shard":22,"create:gearbox":4,"biomemakeover:cladding_upgrade_smithing_template":1,"regions_unexplored:steppe_shrub":2,"spelunkery:rough_diamond":8,"minecraft:gray_wool":2,"create:mechanical_pump":1,"jujutsucraft:clothes_sukuna_fushiguro_chestplate":2,"mowziesmobs:umvuthana_mask_fear":3,"minecraft:terracotta":8,"minecraft:coal":19,"create:andesite_ladder":3,"minecraft:ender_pearl":4},"minecraft:used":{"mowziesmobs:umvuthana_mask_fear":4,"minecraft:decorated_pot":8,"minecraft:acacia_sapling":3,"create:metal_girder":1,"jujutsucraft:hair_fushiguro_megumi_helmet":2,"minecraft:iron_helmet":2,"minecraft:stone_bricks":3,"mowziesmobs:umvuthana_mask_rage":2,"minecraft:furnace":1,"minecraft:diamond_boots":1,"minecraft:stone_pickaxe":61,"minecraft:ender_pearl":1,"minecraft:wooden_pickaxe":8,"regions_unexplored:joshua_planks":198,"minecraft:sand":3,"spelunkery:mineomite":1,"jujutsucraft:uniform_normal_leggings":1,"minecraft:chain":1,"mowziesmobs:umvuthana_mask_misery":3,"minecraft:iron_axe":125,"minecraft:iron_boots":1,"minecraft:acacia_planks":157,"minecraft:iron_leggings":3,"jujutsucraft:sword_black":1,"jujutsucraft:uniform_normal_boots":1,"minecraft:green_bed":11,"regions_unexplored:socotra_planks":16,"minecraft:terracotta":8,"minecraft:crafting_table":3,"jujutsucraft:uniform_normal_chestplate":1,"minecraft:iron_pickaxe":150,"jujutsucraft:naginata":19,"minecraft:stone_axe":40,"minecraft:cobblestone":14,"regions_unexplored:palm_button":1},"minecraft:killed":{"jujutsucraft:mimiko":2,"jujutsucraft:cursed_spirit_grade_32":24,"guardvillagers:guard":4,"jujutsucraft:cursed_spirit_grade_31":5,"jujutsucraft:cursed_spirit_grade_33":22,"jujutsucraft:stevenson_screen":1,"mowziesmobs:umvuthi":1,"jujutsucraft:tiger_funeral":2,"jujutsucraft:cursed_spirit_grade_35":4,"jujutsucraft:round_deer":2,"jujutsucraft:cursed_spirit_grade_39":26,"endermanoverhaul:desert_enderman":3,"jujutsucraft:cursed_spirit_grade_215":2,"alexsmobs:leafcutter_ant":1,"jujutsucraft:cursed_spirit_grade_15":1,"mowziesmobs:umvuthana_crane":1,"jujutsucraft:cursed_spirit_grade_19":1,"jujutsucraft:divine_dog_black":2,"jujutsucraft:cursed_spirit_grade_16":4,"jujutsucraft:panda_normal":1,"jujutsucraft:cursed_spirit_grade_38":10,"jujutsucraft:cursed_spirit_grade_34":21,"jujutsucraft:nobara_kugisaki":2,"minecraft:tropical_fish":1,"alexsmobs:kangaroo":4,"alexsmobs:triops":6,"jujutsucraft:max_elephant":3,"jujutsucraft:cursed_spirit_grade_213":1,"jujutsucraft:curse_user_1":3,"jujutsucraft:cursed_spirit_grade_211":2,"endermanoverhaul:savanna_enderman":12,"iceandfire:cockatrice":2,"jujutsucraft:panda_gorilla":1,"minecraft:trader_llama":2,"minecraft:pillager":21,"jujutsucraft:cursed_spirit_grade_314":28,"alexsmobs:terrapin":1,"alexsmobs:rain_frog":5,"alexsmobs:roadrunner":2,"alexsmobs:fly":60,"jujutsucraft:cursed_spirit_grade_110":1,"jujutsucraft:cursed_spirit_grade_315":18,"jujutsucraft:cursed_spirit_grade_212":1,"mowziesmobs:umvuthana_raptor":5,"alexsmobs:jerboa":6,"jujutsucraft:transfigured_human_3":5,"jujutsucraft:cursed_spirit_grade_21":1,"jujutsucraft:nue":2,"jujutsucraft:nanako":1,"jujutsucraft:cursed_spirit_grade_24":2,"jujutsucraft:yoshino_junpei":2,"jujutsucraft:cursed_spirit_grade_318":12,"jujutsucraft:cursed_spirit_grade_316":11,"jujutsucraft:cursed_spirit_grade_26":3,"alexsmobs:seagull":1,"jujutsucraft:transfigured_human_2":2,"alexsmobs:rattlesnake":1,"endermanoverhaul:scarab":10,"jujutsucraft:miwa_kasumi":2,"jujutsucraft:cursed_spirit_grade_04":1,"jujutsucraft:fox_fire":3,"jujutsucraft:shigemo_haruta":1,"jujutsucraft:cursed_spirit_grade_312":5,"jujutsucraft:cursed_spirit_grade_313":6,"iceandfire:fire_dragon":1,"friendsandfoes:mauler":1,"jujutsucraft:toad":2,"jujutsucraft:rabbit_escape":139,"jujutsucraft:rozetsu_shikigami":2,"iceandfire:deathworm":1,"jujutsucraft:cursed_spirit_grade_317":20,"jujutsucraft:transfigured_human_1":1,"minecraft:ocelot":1,"alexsmobs:flying_fish":1,"mowziesmobs:umvuthana":1,"jujutsucraft:cursed_spirit_grade_210":2,"alexsmobs:guster":26,"jujutsucraft:kukuru":4,"jujutsucraft:jujutsu_sorcerer":4,"minecraft:rabbit":1,"jujutsucraft:piercing_ox":1,"minecraft:wandering_trader":1,"mowziesmobs:umvuthana_follower_raptor":51,"jujutsucraft:curse_user":5,"jujutsucraft:great_serpent":3,"jujutsucraft:divine_dog_white":2,"minecraft:squid":2,"jujutsucraft:cursed_spirit_grade_321":21,"alexsmobs:emu":1,"alexsmobs:catfish":1,"jujutsucraft:entity_scissors":14,"alexsmobs:elephant":2,"wilderwild:tumbleweed":8,"jujutsucraft:cursed_spirit_grade_311":12,"jujutsucraft:cursed_spirit_grade_310":11,"jujutsucraft:negi_toshihisa":1,"alexsmobs:gazelle":1,"jujutsucraft:cursed_spirit_grade_36":24,"jujutsucraft:cursed_spirit_grade_25":3,"jujutsucraft:moon_dregs":1,"jujutsucraft:cursed_spirit_grade_319":15,"jujutsucraft:cursed_spirit_grade_322":27,"minecraft:player":46,"minecraft:villager":8,"jujutsucraft:q":5,"jujutsucraft:ogami":1},"minecraft:dropped":{"minecraft:iron_sword":1,"minecraft:ender_pearl":1,"minecraft:decorated_pot":1,"minecraft:crossbow":1,"minecraft:cracked_stone_bricks":17,"minecraft:grass":4,"alexsmobs:roadrunner_feather":2,"minecraft:mutton":4,"minecraft:sand":2,"spelunkery:rough_diamond":1,"endermanoverhaul:savanna_hood":1,"minecraft:stone_axe":1,"jujutsucraft:clothes_sukuna_fushiguro_chestplate":3,"minecraft:oak_planks":2,"regions_unexplored:steppe_shrub":1,"jujutsucraft:clothes_fushiguro_toji_leggings":3,"regions_unexplored:silt_grass_block":3,"ars_nouveau:drygmy_shard":1,"minecraft:acacia_sapling":3,"alexsmobs:guster_eye":1,"biomemakeover:cladding_upgrade_smithing_template":1,"regions_unexplored:small_desert_shrub":1,"create:copycat_panel":6,"minecraft:bread":9,"minecraft:wheat_seeds":1,"minecraft:golden_helmet":1,"minecraft:tnt":1,"minecraft:feather":14,"minecraft:cobblestone":11,"jujutsucraft:sword_black":2,"mowziesmobs:umvuthana_mask_fear":1,"galosphere:silver_upgrade_smithing_template":2,"minecraft:acacia_log":6,"jujutsucraft:hair_fushiguro_megumi_helmet":2,"minecraft:gray_wool":2,"jujutsucraft:item_insect":1,"create:andesite_ladder":3,"minecraft:dead_bush":1,"regions_unexplored:dead_steppe_shrub":3,"regions_unexplored:palm_button":2,"minecraft:iron_shovel":2,"minecraft:acacia_planks":6,"alexsmobs:maggot":13,"spelunkery:rough_diamond_shard":2,"create:experience_nugget":12,"regions_unexplored:steppe_tall_grass":2,"mowziesmobs:umvuthana_mask_misery":5,"regions_unexplored:steppe_grass":1,"minecraft:mossy_stone_bricks":27,"regions_unexplored:socotra_leaves":1,"minecraft:oak_sapling":1,"minecraft:barrel":2,"minecraft:stone_bricks":15,"jujutsucraft:clothes_zenin_boots":1,"minecraft:stone_pickaxe":1,"minecraft:wooden_pickaxe":1,"regions_unexplored:silt_dirt":2},"minecraft:killed_by":{"jujutsucraft:cursed_spirit_grade_03":6,"jujutsucraft:cursed_spirit_grade_26":1,"jujutsucraft:cursed_spirit_grade_213":1,"alexsmobs:cachalot_whale":1,"jujutsucraft:cursed_spirit_grade_04":12,"jujutsucraft:great_serpent":5,"jujutsucraft:q":1,"jujutsucraft:cursed_spirit_grade_21":2,"jujutsucraft:cursed_spirit_grade_06":2,"minecraft:player":37,"jujutsucraft:cursed_spirit_grade_16":3,"jujutsucraft:cursed_spirit_grade_12":1,"jujutsucraft:cursed_spirit_grade_110":1,"jujutsucraft:cursed_spirit_grade_19":2,"jujutsucraft:cursed_spirit_grade_314":1,"jujutsucraft:cursed_spirit_grade_315":1,"jujutsucraft:curse_user":1,"jujutsucraft:rozetsu":1,"jujutsucraft:jogo":1,"jujutsucraft:takaba_fumihiko":1},"minecraft:custom":{"minecraft:interact_with_crafting_table":10,"minecraft:open_barrel":27,"minecraft:leave_game":6,"minecraft:time_since_death":32476,"minecraft:damage_resisted":27590,"minecraft:sprint_one_cm":730051,"minecraft:drop":106,"minecraft:play_time":314357,"minecraft:deaths":86,"minecraft:jump":7275,"minecraft:walk_on_water_one_cm":195828,"minecraft:interact_with_furnace":9,"minecraft:sleep_in_bed":7,"minecraft:damage_dealt":440,"minecraft:player_kills":17,"minecraft:crouch_one_cm":58199,"minecraft:mob_kills":853,"minecraft:damage_dealt_resisted":135029,"minecraft:climb_one_cm":4404,"minecraft:walk_one_cm":593209,"minecraft:damage_dealt_absorbed":40,"minecraft:sneak_time":23866,"minecraft:walk_under_water_one_cm":20927,"minecraft:total_world_time":314357,"minecraft:time_since_rest":32507,"minecraft:damage_taken":42573,"minecraft:swim_one_cm":153670,"minecraft:fly_one_cm":3073523,"minecraft:open_chest":26,"minecraft:fall_one_cm":517494}},"DataVersion":3465}