{"stats":{"minecraft:crafted":{"minecraft:oak_door":6,"minecraft:oak_planks":432,"minecraft:blaze_powder":30,"minecraft:furnace":1,"minecraft:flint_and_steel":1,"minecraft:diamond_helmet":1,"minecraft:diamond_leggings":1,"minecraft:iron_axe":1,"minecraft:stone_pickaxe":1,"minecraft:chest":8,"minecraft:diamond_boots":1,"minecraft:netherite_scrap":7,"minecraft:ender_eye":1,"minecraft:diamond_sword":1,"minecraft:diamond_axe":1,"minecraft:crafting_table":1,"minecraft:wooden_pickaxe":1,"minecraft:iron_sword":3,"minecraft:bucket":1,"minecraft:stone_axe":1,"minecraft:air":0,"minecraft:diamond_pickaxe":1,"minecraft:stick":32,"minecraft:iron_ingot":46,"minecraft:iron_pickaxe":1,"minecraft:iron_block":3,"minecraft:stone_sword":2,"minecraft:iron_shovel":1,"minecraft:anvil":1,"minecraft:netherite_ingot":1,"minecraft:torch":36,"minecraft:diamond_chestplate":1},"minecraft:broken":{"minecraft:leather_helmet":1,"minecraft:stone_sword":1,"minecraft:leather_leggings":1,"minecraft:leather_chestplate":1,"minecraft:leather_boots":1,"minecraft:iron_sword":3,"minecraft:golden_chestplate":1},"minecraft:killed":{"minecraft:witch":1,"minecraft:spider":4,"projectjjk:cursed_sheep_entity":63,"minecraft:skeleton":14,"minecraft:horse":1,"minecraft:chicken":8,"minecraft:axolotl":1,"projectjjk:grade_3_cursed_spirit_2_entity":16,"minecraft:drowned":4,"projectjjk:cursed_pig_entity":62,"minecraft:magma_cube":17,"projectjjk:grade_2_cursed_spirit_2_entity":7,"minecraft:pig":4,"projectjjk:grade_special_cursed_spirit_1_entity":6,"minecraft:zombie_villager":1,"projectjjk:grade_3_cursed_spirit_3_entity":15,"projectjjk:grade_3_cursed_spirit_1_entity":19,"projectjjk:grade_1_cursed_spirit_1_entity":2,"minecraft:hoglin":1,"minecraft:creeper":5,"minecraft:squid":1,"minecraft:sheep":10,"minecraft:zombie":18,"minecraft:wither_skeleton":13,"projectjjk:cursed_cow_entity":50,"minecraft:player":6,"projectjjk:grade_2_cursed_spirit_1_entity":9,"minecraft:blaze":24,"minecraft:enderman":1},"minecraft:mined":{"minecraft:tuff":5,"minecraft:blackstone_stairs":2,"minecraft:white_bed":3,"minecraft:deepslate_diamond_ore":78,"minecraft:blackstone_wall":1,"minecraft:oak_door":2,"minecraft:andesite_stairs":1,"minecraft:obsidian":3,"minecraft:nether_bricks":56,"minecraft:grass_block":88,"minecraft:decorated_pot":1,"minecraft:cracked_polished_blackstone_bricks":7,"minecraft:gilded_blackstone":1,"minecraft:polished_blackstone_bricks":11,"minecraft:black_stained_glass_pane":9,"minecraft:furnace":2,"minecraft:iron_ore":45,"minecraft:fire":9,"minecraft:cobbled_deepslate":1,"minecraft:andesite":2,"minecraft:deepslate_lapis_ore":2,"minecraft:nether_brick_stairs":1,"minecraft:nether_brick_fence":1,"minecraft:bookshelf":2,"minecraft:deepslate_iron_ore":19,"minecraft:stone":54,"minecraft:white_wool":2,"minecraft:scaffolding":5,"minecraft:blackstone":26,"minecraft:basalt":4,"minecraft:cornflower":1,"minecraft:crafting_table":6,"minecraft:short_grass":104,"minecraft:calcite":1,"minecraft:chest":4,"minecraft:copper_ore":1,"minecraft:tall_grass":60,"minecraft:cobblestone":10,"minecraft:oak_planks":51,"minecraft:wall_torch":4,"minecraft:lilac":1,"minecraft:coal_ore":35,"minecraft:oak_log":136,"minecraft:gravel":4,"minecraft:dirt":40,"minecraft:cobweb":2,"minecraft:smooth_basalt":1,"minecraft:ancient_debris":6,"minecraft:netherrack":56,"minecraft:deepslate":68,"minecraft:oak_leaves":12,"minecraft:fern":2},"minecraft:custom":{"minecraft:interact_with_anvil":1,"minecraft:mob_kills":408,"minecraft:interact_with_crafting_table":50,"minecraft:open_barrel":8,"minecraft:leave_game":3,"minecraft:time_since_death":113838,"minecraft:climb_one_cm":5743,"minecraft:sprint_one_cm":664854,"minecraft:walk_one_cm":688821,"minecraft:drop":141,"minecraft:damage_dealt_absorbed":131,"minecraft:play_time":298464,"minecraft:sneak_time":9835,"minecraft:deaths":7,"minecraft:walk_under_water_one_cm":9803,"minecraft:jump":7018,"minecraft:walk_on_water_one_cm":44514,"minecraft:total_world_time":298464,"minecraft:interact_with_furnace":46,"minecraft:sleep_in_bed":9,"minecraft:time_since_rest":2474,"minecraft:damage_taken":16472,"minecraft:damage_dealt":49455,"minecraft:player_kills":13,"minecraft:swim_one_cm":39199,"minecraft:fly_one_cm":1661662,"minecraft:open_chest":119,"minecraft:crouch_one_cm":33027,"minecraft:fall_one_cm":394738},"minecraft:killed_by":{"projectjjk:grade_3_cursed_spirit_3_entity":2,"projectjjk:grade_1_cursed_spirit_1_entity":1,"projectjjk:grade_2_cursed_spirit_1_entity":1},"minecraft:picked_up":{"minecraft:crafting_table":6,"minecraft:chicken":2,"minecraft:nether_brick_fence":1,"minecraft:leather_leggings":1,"minecraft:wooden_pickaxe":1,"minecraft:chain":16,"minecraft:cornflower":1,"minecraft:string":6,"minecraft:moss_carpet":8,"minecraft:raw_copper":2,"minecraft:blackstone":38,"minecraft:cobbled_deepslate":82,"minecraft:andesite_stairs":1,"minecraft:calcite":1,"minecraft:poppy":1,"minecraft:chest":4,"minecraft:furnace":2,"minecraft:egg":4,"minecraft:stick":7,"minecraft:raw_iron":85,"minecraft:oak_door":2,"minecraft:torch":6,"minecraft:porkchop":5,"minecraft:polished_blackstone_bricks":28,"minecraft:howl_pottery_sherd":1,"minecraft:stone_sword":1,"minecraft:arrow":4,"minecraft:rotten_flesh":33,"minecraft:decorated_pot":1,"minecraft:nether_bricks":44,"minecraft:blackstone_wall":2,"minecraft:pink_tulip":1,"minecraft:blackstone_stairs":3,"minecraft:blaze_rod":15,"minecraft:obsidian":2,"minecraft:mutton":6,"minecraft:nether_brick_wall":2,"minecraft:white_wool":5,"minecraft:cobblestone":65,"minecraft:leather_chestplate":1,"minecraft:feather":4,"minecraft:cooked_beef":49,"minecraft:basalt":13,"minecraft:andesite":8,"minecraft:flint":1,"minecraft:tuff":7,"minecraft:oak_log":136,"minecraft:ancient_debris":6,"minecraft:gunpowder":3,"minecraft:wither_skeleton_skull":1,"minecraft:lapis_lazuli":10,"minecraft:dirt":141,"minecraft:leather_boots":1,"minecraft:cooked_mutton":42,"minecraft:bone":30,"minecraft:apple":2,"minecraft:bow":1,"minecraft:wheat_seeds":41,"minecraft:iron_ingot":3,"projectjjk:cursed_key":12,"minecraft:glowstone_dust":2,"minecraft:oak_planks":51,"minecraft:book":9,"minecraft:scaffolding":5,"minecraft:smooth_basalt":2,"minecraft:cooked_porkchop":70,"minecraft:music_disc_13":1,"minecraft:dandelion":1,"minecraft:gravel":3,"minecraft:white_bed":4,"minecraft:spider_eye":1,"minecraft:leather_helmet":1,"minecraft:slime_ball":7,"minecraft:diamond":78,"minecraft:soul_lantern":1,"minecraft:cracked_polished_blackstone_bricks":13,"minecraft:oak_sapling":2,"minecraft:netherrack":53,"minecraft:coal":62,"minecraft:ender_pearl":1},"minecraft:used":{"minecraft:nether_brick_fence":1,"minecraft:stone_sword":205,"minecraft:flint_and_steel":3,"minecraft:chest":12,"minecraft:decorated_pot":1,"minecraft:iron_sword":866,"minecraft:netherrack":52,"minecraft:oak_door":5,"minecraft:torch":37,"minecraft:dirt":69,"minecraft:anvil":1,"minecraft:nether_bricks":33,"minecraft:lava_bucket":11,"minecraft:iron_axe":225,"minecraft:furnace":3,"minecraft:egg":3,"minecraft:cooked_beef":29,"minecraft:cobbled_deepslate":59,"minecraft:calcite":1,"minecraft:cooked_mutton":39,"minecraft:water_bucket":36,"minecraft:nether_brick_wall":1,"minecraft:blackstone_stairs":1,"minecraft:oak_planks":360,"minecraft:stone_pickaxe":85,"minecraft:blackstone":15,"minecraft:wooden_pickaxe":8,"minecraft:diamond_axe":1,"minecraft:white_wool":2,"minecraft:crafting_table":6,"minecraft:white_bed":3,"minecraft:blackstone_wall":2,"minecraft:oak_log":28,"minecraft:diamond_pickaxe":300,"minecraft:apple":1,"minecraft:cracked_polished_blackstone_bricks":1,"minecraft:string":1,"minecraft:iron_pickaxe":121,"minecraft:gravel":2,"minecraft:stone_axe":11,"minecraft:diamond_sword":111,"minecraft:cobblestone":47,"minecraft:andesite":1,"minecraft:bucket":48,"minecraft:cooked_porkchop":50,"minecraft:dandelion":1},"minecraft:dropped":{"minecraft:porkchop":5,"minecraft:wheat_seeds":41,"minecraft:diamond":1,"minecraft:crafting_table":1,"minecraft:feather":4,"minecraft:book":3,"minecraft:apple":1,"minecraft:nether_brick_wall":1,"minecraft:blackstone_stairs":2,"minecraft:coal":5,"minecraft:music_disc_13":1,"minecraft:cracked_polished_blackstone_bricks":12,"minecraft:dirt":13,"minecraft:cornflower":1,"minecraft:mutton":3,"minecraft:chain":16,"minecraft:iron_axe":1,"minecraft:polished_blackstone_bricks":11,"minecraft:iron_shovel":1,"minecraft:string":5,"minecraft:white_wool":3,"minecraft:pink_tulip":1,"minecraft:smooth_basalt":2,"minecraft:bone":19,"minecraft:oak_door":3,"minecraft:gravel":1,"minecraft:stone_axe":1,"minecraft:moss_carpet":8,"minecraft:stone_sword":2,"minecraft:cobbled_deepslate":23,"minecraft:raw_copper":2,"minecraft:tuff":7,"minecraft:obsidian":2,"minecraft:soul_lantern":1,"minecraft:rotten_flesh":33,"minecraft:glowstone_dust":2,"minecraft:white_bed":1,"minecraft:poppy":1,"minecraft:gunpowder":3,"minecraft:howl_pottery_sherd":1,"minecraft:andesite":7,"projectjjk:cursed_key":2,"minecraft:oak_sapling":2,"minecraft:andesite_stairs":1,"minecraft:spider_eye":1,"minecraft:basalt":13,"minecraft:arrow":4,"minecraft:bow":1,"minecraft:wooden_pickaxe":2,"minecraft:stone_pickaxe":1,"minecraft:scaffolding":5,"minecraft:netherrack":1,"minecraft:egg":1}},"DataVersion":3700}