{"stats":{"minecraft:crafted":{"minecraft:wooden_pickaxe":1,"minecraft:stone_axe":1,"minecraft:stone_pickaxe":1},"minecraft:broken":{"mowziesmobs:umvuthana_mask_fear":1},"minecraft:mined":{"create:fluid_tank":1,"create:metal_girder":1,"minecraft:crafting_table":2,"create:fluid_pipe":4,"create:mechanical_pump":1,"minecraft:acacia_log":3,"minecraft:decorated_pot":5,"create:water_wheel":1,"create:copper_valve_handle":1,"minecraft:sugar_cane":3,"minecraft:oak_planks":2,"minecraft:chain":1,"regions_unexplored:socotra_log":11,"create:gearbox":2,"minecraft:iron_ore":13,"regions_unexplored:steppe_shrub":1,"minecraft:barrel":1,"create:copycat_panel":2,"create:industrial_iron_block":1,"minecraft:grass":1,"regions_unexplored:joshua_log":19,"minecraft:coal_ore":11,"create:andesite_encased_shaft":3,"minecraft:stripped_acacia_log":3,"create:andesite_encased_large_cogwheel":1,"minecraft:stone":8,"regions_unexplored:silt_grass_block":2,"minecraft:green_bed":3},"minecraft:picked_up":{"regions_unexplored:steppe_tall_grass":2,"minecraft:crafting_table":2,"minecraft:feather":9,"create:fluid_tank":1,"regions_unexplored:silt_dirt":2,"alexsmobs:roadrunner_feather":1,"regions_unexplored:dead_steppe_shrub":1,"minecraft:chain":1,"create:fluid_pipe":4,"jujutsucraft:sword_ogi":1,"minecraft:acacia_planks":1,"create:water_wheel":1,"jujutsucraft:sword_black":1,"create:metal_girder":1,"create:shaft":3,"minecraft:sugar_cane":5,"mowziesmobs:umvuthana_mask_misery":2,"minecraft:oak_planks":2,"minecraft:stick":13,"minecraft:raw_iron":13,"regions_unexplored:small_desert_shrub":1,"regions_unexplored:steppe_grass":1,"minecraft:acacia_log":9,"minecraft:green_bed":3,"create:copycat_panel":2,"create:industrial_iron_block":3,"create:large_cogwheel":1,"create:vertical_gearbox":2,"regions_unexplored:palm_button":3,"minecraft:barrel":1,"regions_unexplored:socotra_log":11,"minecraft:stripped_acacia_log":3,"regions_unexplored:steppe_shrub":2,"create:mechanical_pump":1,"regions_unexplored:joshua_log":19,"minecraft:decorated_pot":6,"minecraft:grass":1,"minecraft:gray_wool":2,"mowziesmobs:umvuthana_mask_fear":2,"alexsmobs:maggot":4,"create:copper_valve_handle":1,"minecraft:mutton":6,"minecraft:coal":11,"minecraft:white_wool":1,"minecraft:cobblestone":12,"minecraft:ender_pearl":1},"minecraft:used":{"jujutsucraft:sword_black":1,"mowziesmobs:umvuthana_mask_misery":2,"mowziesmobs:umvuthana_mask_fear":2,"minecraft:stone_pickaxe":36,"minecraft:decorated_pot":5,"minecraft:wooden_pickaxe":8,"jujutsucraft:uniform_normal_boots":1,"minecraft:green_bed":4,"regions_unexplored:joshua_planks":39,"minecraft:crafting_table":2,"create:metal_girder":1,"jujutsucraft:uniform_normal_chestplate":1,"jujutsucraft:hair_fushiguro_megumi_helmet":2,"minecraft:stone_axe":31,"jujutsucraft:uniform_normal_leggings":1,"minecraft:chain":1,"regions_unexplored:palm_button":1,"minecraft:acacia_planks":13},"minecraft:killed":{"jujutsucraft:cursed_spirit_grade_32":3,"guardvillagers:guard":2,"jujutsucraft:cursed_spirit_grade_31":1,"jujutsucraft:cursed_spirit_grade_33":1,"jujutsucraft:stevenson_screen":1,"jujutsucraft:kukuru":2,"minecraft:rabbit":1,"jujutsucraft:round_deer":1,"jujutsucraft:cursed_spirit_grade_318":1,"minecraft:wandering_trader":1,"mowziesmobs:umvuthana_follower_raptor":14,"jujutsucraft:curse_user":1,"jujutsucraft:great_serpent":1,"jujutsucraft:divine_dog_white":1,"endermanoverhaul:savanna_enderman":1,"jujutsucraft:cursed_spirit_grade_321":1,"jujutsucraft:cursed_spirit_grade_39":5,"minecraft:trader_llama":2,"jujutsucraft:cursed_spirit_grade_313":1,"jujutsucraft:cursed_spirit_grade_314":1,"jujutsucraft:cursed_spirit_grade_312":1,"alexsmobs:elephant":1,"jujutsucraft:cursed_spirit_grade_310":1,"minecraft:villager":2,"jujutsucraft:toad":2,"jujutsucraft:rabbit_escape":46,"jujutsucraft:cursed_spirit_grade_36":4,"alexsmobs:roadrunner":1,"alexsmobs:fly":16,"jujutsucraft:cursed_spirit_grade_25":1,"jujutsucraft:cursed_spirit_grade_317":2,"jujutsucraft:cursed_spirit_grade_315":2,"jujutsucraft:cursed_spirit_grade_38":1,"jujutsucraft:cursed_spirit_grade_34":3,"jujutsucraft:cursed_spirit_grade_319":2,"jujutsucraft:cursed_spirit_grade_322":5,"minecraft:player":20,"mowziesmobs:umvuthana_raptor":2,"minecraft:tropical_fish":1,"minecraft:ocelot":1,"alexsmobs:triops":1,"jujutsucraft:q":1},"minecraft:dropped":{"alexsmobs:maggot":4,"minecraft:ender_pearl":1,"minecraft:decorated_pot":1,"minecraft:cobblestone":6,"jujutsucraft:sword_black":1,"minecraft:oak_planks":2,"regions_unexplored:steppe_shrub":1,"regions_unexplored:steppe_tall_grass":2,"minecraft:grass":1,"minecraft:gray_wool":2,"regions_unexplored:steppe_grass":1,"minecraft:mutton":4,"regions_unexplored:palm_button":1,"regions_unexplored:small_desert_shrub":1,"regions_unexplored:dead_steppe_shrub":1,"minecraft:wooden_pickaxe":1,"regions_unexplored:silt_dirt":2,"minecraft:acacia_planks":1},"minecraft:custom":{"minecraft:mob_kills":146,"minecraft:interact_with_crafting_table":5,"minecraft:open_barrel":5,"minecraft:damage_dealt_resisted":25409,"minecraft:leave_game":2,"minecraft:time_since_death":22374,"minecraft:sleep_in_bed":2,"minecraft:climb_one_cm":1692,"minecraft:damage_resisted":3371,"minecraft:time_since_rest":13249,"minecraft:sprint_one_cm":227981,"minecraft:damage_taken":17938,"minecraft:walk_one_cm":148890,"minecraft:drop":27,"minecraft:damage_dealt":20,"minecraft:swim_one_cm":33536,"minecraft:fly_one_cm":770758,"minecraft:open_chest":3,"minecraft:crouch_one_cm":8551,"minecraft:play_time":93615,"minecraft:deaths":51,"minecraft:sneak_time":4426,"minecraft:walk_under_water_one_cm":1998,"minecraft:jump":2487,"minecraft:walk_on_water_one_cm":13181,"minecraft:total_world_time":93615,"minecraft:fall_one_cm":143343},"minecraft:killed_by":{"jujutsucraft:great_serpent":5,"minecraft:player":21,"jujutsucraft:jogo":1,"jujutsucraft:cursed_spirit_grade_03":4,"jujutsucraft:q":1,"jujutsucraft:cursed_spirit_grade_315":1,"jujutsucraft:cursed_spirit_grade_21":2,"jujutsucraft:cursed_spirit_grade_04":12,"jujutsucraft:curse_user":1}},"DataVersion":3465}