{"stats":{"minecraft:mined":{"minecraft:tuff":15,"minecraft:blackstone_stairs":2,"minecraft:white_bed":3,"minecraft:deepslate_diamond_ore":86,"minecraft:blackstone_wall":1,"minecraft:oak_door":3,"minecraft:andesite_stairs":1,"minecraft:obsidian":3,"minecraft:nether_bricks":56,"minecraft:allium":1,"minecraft:grass_block":88,"minecraft:decorated_pot":1,"minecraft:cracked_polished_blackstone_bricks":7,"minecraft:gilded_blackstone":1,"minecraft:polished_blackstone_bricks":11,"minecraft:black_stained_glass_pane":9,"minecraft:raw_iron_block":2,"minecraft:furnace":2,"minecraft:iron_ore":45,"minecraft:fire":10,"minecraft:cobbled_deepslate":1,"minecraft:andesite":2,"minecraft:deepslate_lapis_ore":2,"minecraft:nether_brick_stairs":1,"minecraft:nether_brick_fence":1,"minecraft:bookshelf":2,"minecraft:deepslate_iron_ore":31,"minecraft:stone":56,"minecraft:white_wool":2,"minecraft:scaffolding":5,"minecraft:blackstone":26,"minecraft:basalt":4,"minecraft:cornflower":1,"minecraft:crafting_table":6,"minecraft:short_grass":106,"minecraft:calcite":1,"minecraft:chest":4,"minecraft:copper_ore":1,"minecraft:tall_grass":60,"minecraft:cobblestone":10,"minecraft:lapis_ore":3,"minecraft:oak_planks":51,"minecraft:wall_torch":4,"minecraft:lilac":1,"minecraft:coal_ore":35,"minecraft:oak_log":145,"minecraft:gravel":4,"minecraft:dirt":41,"minecraft:cobweb":2,"minecraft:smooth_basalt":1,"minecraft:ancient_debris":6,"minecraft:netherrack":65,"minecraft:deepslate":73,"minecraft:oak_leaves":12,"minecraft:fern":2},"minecraft:killed_by":{"projectjjk:grade_3_cursed_spirit_3_entity":2,"projectjjk:grade_1_cursed_spirit_1_entity":1,"projectjjk:grade_2_cursed_spirit_1_entity":1},"minecraft:dropped":{"minecraft:porkchop":9,"minecraft:wheat_seeds":52,"minecraft:diamond":1,"minecraft:crafting_table":1,"minecraft:cooked_porkchop":4,"minecraft:feather":4,"minecraft:book":9,"minecraft:apple":1,"minecraft:nether_brick_wall":1,"minecraft:blackstone_stairs":2,"minecraft:coal":5,"minecraft:stick":6,"minecraft:music_disc_13":1,"minecraft:cracked_polished_blackstone_bricks":12,"minecraft:dirt":14,"projectjjk:cursed_relic_of_affinity":2,"minecraft:cornflower":1,"minecraft:mutton":6,"minecraft:chain":16,"minecraft:iron_axe":1,"minecraft:polished_blackstone_bricks":11,"minecraft:iron_shovel":1,"minecraft:string":7,"minecraft:white_wool":3,"minecraft:pink_tulip":1,"minecraft:smooth_basalt":2,"minecraft:bone":19,"minecraft:oak_door":4,"minecraft:gravel":1,"minecraft:stone_axe":1,"minecraft:moss_carpet":8,"minecraft:stone_sword":2,"minecraft:cobbled_deepslate":24,"minecraft:raw_copper":2,"minecraft:tuff":17,"minecraft:obsidian":2,"minecraft:soul_lantern":1,"minecraft:chicken":2,"minecraft:rotten_flesh":33,"minecraft:oak_planks":7,"minecraft:glowstone_dust":2,"minecraft:nether_bricks":35,"minecraft:white_bed":1,"projectjjk:jujutsu_promotion_letter":10,"minecraft:poppy":1,"minecraft:gunpowder":4,"minecraft:howl_pottery_sherd":1,"minecraft:andesite":7,"projectjjk:cursed_key":18,"minecraft:oak_sapling":2,"minecraft:andesite_stairs":1,"minecraft:spider_eye":1,"minecraft:slime_ball":7,"minecraft:basalt":13,"minecraft:arrow":11,"minecraft:bow":2,"minecraft:wooden_pickaxe":2,"minecraft:stone_pickaxe":1,"minecraft:scaffolding":5,"minecraft:netherrack":1,"minecraft:egg":3},"minecraft:picked_up":{"minecraft:crafting_table":6,"minecraft:chicken":4,"minecraft:nether_brick_fence":1,"minecraft:leather_leggings":1,"minecraft:wooden_pickaxe":1,"minecraft:gold_block":1,"minecraft:chain":16,"minecraft:cornflower":1,"minecraft:string":8,"minecraft:moss_carpet":8,"minecraft:raw_copper":2,"minecraft:netherite_scrap":3,"minecraft:netherite_ingot":1,"minecraft:blackstone":38,"minecraft:cobbled_deepslate":86,"minecraft:andesite_stairs":1,"minecraft:calcite":1,"minecraft:poppy":1,"minecraft:chest":4,"minecraft:furnace":2,"minecraft:egg":6,"minecraft:raw_iron":96,"minecraft:stick":7,"minecraft:oak_door":4,"minecraft:torch":10,"minecraft:porkchop":9,"minecraft:polished_blackstone_bricks":28,"minecraft:howl_pottery_sherd":1,"minecraft:stone_sword":1,"minecraft:arrow":11,"minecraft:rotten_flesh":33,"minecraft:decorated_pot":1,"minecraft:nether_bricks":79,"minecraft:blackstone_wall":2,"minecraft:pink_tulip":1,"minecraft:gold_ingot":20,"minecraft:nether_brick_wall":2,"minecraft:blaze_rod":15,"minecraft:blackstone_stairs":3,"minecraft:obsidian":2,"minecraft:mutton":9,"minecraft:white_wool":5,"minecraft:cobblestone":67,"minecraft:leather_chestplate":1,"minecraft:feather":4,"minecraft:cooked_beef":52,"minecraft:basalt":13,"minecraft:andesite":8,"minecraft:flint":1,"minecraft:tuff":17,"minecraft:oak_log":144,"minecraft:ancient_debris":6,"minecraft:gunpowder":4,"minecraft:wither_skeleton_skull":1,"minecraft:lapis_lazuli":42,"minecraft:dirt":143,"minecraft:cooked_mutton":46,"minecraft:leather_boots":1,"minecraft:bone":35,"minecraft:apple":2,"minecraft:bow":2,"minecraft:wheat_seeds":52,"minecraft:iron_ingot":23,"projectjjk:cursed_key":29,"minecraft:glowstone_dust":2,"minecraft:oak_planks":75,"minecraft:book":9,"minecraft:scaffolding":5,"minecraft:smooth_basalt":2,"minecraft:cooked_porkchop":75,"minecraft:music_disc_13":1,"minecraft:dandelion":1,"minecraft:raw_iron_block":2,"minecraft:gravel":3,"minecraft:white_bed":4,"minecraft:spider_eye":1,"minecraft:leather_helmet":1,"minecraft:slime_ball":7,"minecraft:diamond":131,"minecraft:soul_lantern":1,"minecraft:cracked_polished_blackstone_bricks":13,"minecraft:oak_sapling":2,"minecraft:netherrack":61,"minecraft:coal":78,"minecraft:ender_pearl":1},"minecraft:used":{"minecraft:stone_sword":205,"minecraft:nether_brick_fence":1,"minecraft:flint_and_steel":4,"minecraft:chest":18,"minecraft:decorated_pot":1,"minecraft:iron_sword":866,"minecraft:netherrack":52,"minecraft:oak_door":6,"minecraft:torch":37,"minecraft:dirt":129,"minecraft:anvil":1,"minecraft:nether_bricks":33,"minecraft:lava_bucket":11,"minecraft:iron_axe":225,"minecraft:furnace":3,"minecraft:egg":3,"minecraft:cooked_beef":31,"minecraft:cobbled_deepslate":62,"minecraft:calcite":1,"minecraft:cooked_mutton":40,"minecraft:water_bucket":42,"minecraft:nether_brick_wall":1,"minecraft:blackstone_stairs":1,"minecraft:oak_planks":361,"minecraft:stone_pickaxe":85,"minecraft:blackstone":15,"minecraft:wooden_pickaxe":8,"minecraft:diamond_axe":11,"minecraft:white_wool":2,"minecraft:crafting_table":6,"minecraft:white_bed":3,"minecraft:blackstone_wall":2,"minecraft:oak_log":28,"minecraft:diamond_pickaxe":351,"minecraft:apple":1,"minecraft:cracked_polished_blackstone_bricks":1,"minecraft:string":1,"minecraft:iron_pickaxe":121,"minecraft:gravel":2,"minecraft:stone_axe":11,"minecraft:diamond_sword":141,"minecraft:cobblestone":49,"minecraft:smithing_table":1,"minecraft:andesite":1,"minecraft:bucket":54,"minecraft:cooked_porkchop":51,"minecraft:dandelion":1},"minecraft:broken":{"minecraft:leather_helmet":1,"minecraft:stone_sword":1,"minecraft:leather_leggings":1,"minecraft:leather_chestplate":1,"minecraft:leather_boots":1,"minecraft:iron_sword":3,"minecraft:golden_chestplate":1},"minecraft:custom":{"minecraft:interact_with_smithing_table":6,"minecraft:interact_with_anvil":1,"minecraft:mob_kills":462,"minecraft:interact_with_crafting_table":57,"minecraft:open_barrel":8,"minecraft:leave_game":4,"minecraft:time_since_death":181618,"minecraft:climb_one_cm":5743,"minecraft:sprint_one_cm":838186,"minecraft:walk_one_cm":859326,"minecraft:drop":192,"minecraft:damage_dealt_absorbed":131,"minecraft:play_time":366244,"minecraft:sneak_time":10462,"minecraft:deaths":7,"minecraft:walk_under_water_one_cm":13319,"minecraft:jump":8791,"minecraft:enchant_item":1,"minecraft:walk_on_water_one_cm":51683,"minecraft:total_world_time":366244,"minecraft:interact_with_furnace":47,"minecraft:sleep_in_bed":9,"minecraft:time_since_rest":70254,"minecraft:damage_taken":17632,"minecraft:damage_dealt":51350,"minecraft:player_kills":19,"minecraft:swim_one_cm":41002,"minecraft:fly_one_cm":2177155,"minecraft:open_chest":172,"minecraft:crouch_one_cm":34765,"minecraft:fall_one_cm":513712},"minecraft:killed":{"minecraft:witch":1,"minecraft:spider":5,"projectjjk:cursed_sheep_entity":70,"minecraft:horse":2,"minecraft:skeleton":21,"minecraft:chicken":8,"minecraft:axolotl":1,"projectjjk:grade_3_cursed_spirit_2_entity":18,"minecraft:drowned":4,"projectjjk:cursed_pig_entity":68,"minecraft:magma_cube":17,"projectjjk:grade_2_cursed_spirit_2_entity":10,"minecraft:pig":5,"projectjjk:grade_special_cursed_spirit_1_entity":6,"minecraft:zombie_villager":2,"projectjjk:grade_3_cursed_spirit_3_entity":15,"projectjjk:grade_3_cursed_spirit_1_entity":19,"projectjjk:grade_1_cursed_spirit_1_entity":3,"minecraft:hoglin":1,"minecraft:creeper":7,"minecraft:squid":1,"minecraft:sheep":12,"minecraft:trader_llama":1,"minecraft:zombie":22,"minecraft:wither_skeleton":13,"projectjjk:cursed_cow_entity":55,"minecraft:player":12,"minecraft:cow":3,"projectjjk:grade_2_cursed_spirit_1_entity":11,"minecraft:blaze":24,"minecraft:enderman":1},"minecraft:crafted":{"minecraft:oak_door":6,"minecraft:oak_planks":464,"minecraft:raw_iron":18,"minecraft:blaze_powder":30,"minecraft:furnace":1,"minecraft:flint_and_steel":1,"minecraft:diamond_helmet":1,"minecraft:diamond_leggings":1,"minecraft:iron_axe":1,"minecraft:stone_pickaxe":1,"minecraft:chest":14,"minecraft:diamond_boots":1,"minecraft:netherite_upgrade_smithing_template":2,"minecraft:netherite_scrap":7,"minecraft:ender_eye":1,"minecraft:netherite_pickaxe":1,"minecraft:diamond_sword":1,"minecraft:diamond_axe":1,"minecraft:crafting_table":1,"minecraft:wooden_pickaxe":1,"minecraft:iron_sword":3,"minecraft:smithing_table":1,"minecraft:bucket":1,"minecraft:stone_axe":1,"minecraft:air":0,"minecraft:diamond_pickaxe":1,"minecraft:stick":32,"minecraft:iron_ingot":46,"minecraft:iron_pickaxe":1,"minecraft:iron_block":3,"minecraft:stone_sword":2,"minecraft:iron_shovel":1,"minecraft:anvil":1,"minecraft:netherite_ingot":1,"minecraft:torch":36,"minecraft:diamond_chestplate":1}},"DataVersion":3700}