{"stats":{"minecraft:used":{"minecraft:oak_log":3,"minecraft:cooked_porkchop":1},"minecraft:killed":{"projectjjk:cursed_pig_entity":1},"minecraft:picked_up":{"minecraft:oak_log":11,"minecraft:cooked_porkchop":1},"minecraft:custom":{"minecraft:jump":79,"minecraft:time_since_rest":5593,"minecraft:damage_dealt":140,"minecraft:crouch_one_cm":274,"minecraft:sprint_one_cm":7033,"minecraft:play_time":5593,"minecraft:damage_taken":198,"minecraft:time_since_death":5593,"minecraft:walk_one_cm":8569,"minecraft:sneak_time":163,"minecraft:total_world_time":5593,"minecraft:mob_kills":1,"minecraft:fall_one_cm":4657,"minecraft:fly_one_cm":16680,"minecraft:leave_game":1},"minecraft:mined":{"minecraft:short_grass":1,"minecraft:oak_log":11}},"DataVersion":3700}