{"stats":{"minecraft:crafted":{"minecraft:crafting_table":1,"minecraft:wooden_pickaxe":1,"minecraft:furnace":1,"regions_unexplored:joshua_planks":20,"minecraft:stick":4,"minecraft:stone_pickaxe":1},"minecraft:broken":{"minecraft:diamond_helmet":1},"minecraft:picked_up":{"minecraft:enchanted_book":4,"minecraft:amethyst_block":2,"minecraft:string":3,"minecraft:acacia_planks":1,"minecraft:book":2,"minecraft:raw_iron":1,"minecraft:sandstone":1,"minecraft:stone":1,"minecraft:bowl":1,"minecraft:green_bed":3,"minecraft:sand":7,"dimensionalpocketsii:dimensional_shard":17,"minecraft:brown_carpet":3,"minecraft:bundle":2,"minecraft:tnt":3,"regions_unexplored:joshua_log":5,"minecraft:decorated_pot":3,"alexsmobs:emu_egg":1,"minecraft:light_gray_carpet":1,"minecraft:coal":1,"minecraft:cobblestone":14},"minecraft:mined":{"supplementaries:book_pile":1,"dimensionalpocketsii:block_dimensional_ore":7,"minecraft:infested_cobblestone":1,"minecraft:decorated_pot":3,"minecraft:iron_ore":1,"minecraft:tnt":3,"regions_unexplored:joshua_log":5,"minecraft:coal_ore":1,"minecraft:sand":1,"minecraft:cobweb":1,"minecraft:stone":14,"minecraft:green_bed":3},"minecraft:used":{"minecraft:stone_pickaxe":11,"minecraft:decorated_pot":2,"minecraft:wooden_pickaxe":14,"jujutsucraft:uniform_normal_boots":1,"minecraft:sandstone":1,"minecraft:green_bed":2,"farmersdelight:flint_knife":4,"minecraft:crafting_table":1,"jujutsucraft:clothes_fushiguro_toji_leggings":3,"minecraft:mushroom_stew":1,"jujutsucraft:uniform_normal_chestplate":1,"jujutsucraft:clothes_zenin_boots":2,"jujutsucraft:clothes_sukuna_fushiguro_chestplate":1,"minecraft:enchanted_book":2,"jujutsucraft:uniform_normal_leggings":1,"minecraft:furnace":1,"minecraft:acacia_planks":1,"minecraft:experience_bottle":12},"minecraft:killed":{"jujutsucraft:mimiko":1,"jujutsucraft:cursed_spirit_grade_32":1,"alexsmobs:guster":3,"jujutsucraft:cursed_spirit_grade_321":2,"jujutsucraft:cursed_spirit_grade_39":1,"friendsandfoes:mauler":1,"jujutsucraft:cursed_spirit_grade_315":1,"jujutsucraft:q":1},"minecraft:dropped":{"minecraft:bowl":1,"minecraft:wooden_pickaxe":1,"jujutsucraft:uniform_normal_boots":1},"minecraft:killed_by":{"minecraft:player":4,"jujutsucraft:yoshino_junpei":1,"jujutsucraft:cursed_spirit_grade_29":2,"jujutsucraft:curse_user":1,"jujutsucraft:jujutsu_sorcerer":1},"minecraft:custom":{"minecraft:interact_with_furnace":2,"minecraft:mob_kills":12,"minecraft:interact_with_anvil":1,"minecraft:interact_with_crafting_table":3,"minecraft:open_barrel":10,"minecraft:damage_dealt_resisted":1696,"minecraft:time_since_death":29,"minecraft:damage_resisted":309,"minecraft:time_since_rest":62,"minecraft:sprint_one_cm":137542,"minecraft:damage_taken":3915,"minecraft:walk_one_cm":83559,"minecraft:drop":3,"minecraft:damage_dealt":12,"minecraft:swim_one_cm":39893,"minecraft:fly_one_cm":129656,"minecraft:open_chest":11,"minecraft:crouch_one_cm":94,"minecraft:play_time":33162,"minecraft:deaths":10,"minecraft:sneak_time":94,"minecraft:walk_under_water_one_cm":4569,"minecraft:jump":472,"minecraft:walk_on_water_one_cm":12755,"minecraft:total_world_time":33162,"minecraft:fall_one_cm":39082}},"DataVersion":3465}