{"stats":{"minecraft:crafted":{"minecraft:crafting_table":1,"minecraft:wooden_pickaxe":1,"minecraft:furnace":1,"regions_unexplored:joshua_planks":20,"minecraft:stick":4,"minecraft:stone_pickaxe":1},"minecraft:broken":{"minecraft:diamond_helmet":1},"minecraft:mined":{"supplementaries:book_pile":1,"ars_nouveau:sourcestone_large_bricks_stairs":1,"dimensionalpocketsii:block_dimensional_ore":7,"minecraft:infested_cobblestone":1,"minecraft:decorated_pot":3,"ars_nouveau:archwood_planks":2,"minecraft:iron_ore":6,"minecraft:tnt":3,"regions_unexplored:sandy_grass":1,"minecraft:grass":1,"regions_unexplored:joshua_log":5,"minecraft:coal_ore":1,"minecraft:sand":1,"minecraft:cobweb":1,"minecraft:cracked_stone_bricks":2,"minecraft:stone_bricks":3,"minecraft:stone":14,"minecraft:mossy_stone_bricks":5,"minecraft:green_bed":4},"minecraft:picked_up":{"minecraft:feather":1,"minecraft:enchanted_book":4,"minecraft:amethyst_block":2,"minecraft:string":3,"minecraft:acacia_planks":1,"minecraft:stone_bricks":3,"regions_unexplored:joshua_beard":1,"minecraft:book":2,"minecraft:raw_iron":6,"minecraft:sandstone":1,"minecraft:stone":1,"minecraft:bowl":1,"minecraft:green_bed":4,"minecraft:sand":7,"dimensionalpocketsii:dimensional_shard":17,"minecraft:brown_carpet":3,"minecraft:bundle":2,"minecraft:tnt":3,"regions_unexplored:joshua_log":5,"minecraft:decorated_pot":3,"alexsmobs:emu_egg":1,"minecraft:light_gray_carpet":1,"minecraft:coal":1,"minecraft:ender_pearl":1,"minecraft:cobblestone":14},"minecraft:used":{"minecraft:stone_pickaxe":30,"minecraft:ender_pearl":1,"minecraft:decorated_pot":3,"minecraft:wooden_pickaxe":14,"jujutsucraft:uniform_normal_boots":1,"minecraft:sandstone":1,"minecraft:green_bed":3,"farmersdelight:flint_knife":6,"minecraft:crafting_table":1,"jujutsucraft:clothes_fushiguro_toji_leggings":3,"minecraft:mushroom_stew":1,"jujutsucraft:uniform_normal_chestplate":1,"jujutsucraft:clothes_zenin_boots":2,"jujutsucraft:clothes_sukuna_fushiguro_chestplate":1,"minecraft:enchanted_book":2,"jujutsucraft:uniform_normal_leggings":1,"minecraft:furnace":1,"minecraft:acacia_planks":1,"minecraft:experience_bottle":12},"minecraft:killed":{"jujutsucraft:mimiko":1,"jujutsucraft:cursed_spirit_grade_32":1,"jujutsucraft:cursed_spirit_grade_31":1,"alexsmobs:guster":3,"jujutsucraft:cursed_spirit_grade_318":1,"jujutsucraft:curse_user":2,"jujutsucraft:cursed_spirit_grade_321":2,"jujutsucraft:cursed_spirit_grade_39":1,"jujutsucraft:cursed_spirit_grade_312":1,"jujutsucraft:entity_scissors":1,"jujutsucraft:crow":1,"friendsandfoes:mauler":1,"jujutsucraft:cursed_spirit_grade_315":1,"jujutsucraft:cursed_spirit_grade_319":2,"jujutsucraft:q":1},"minecraft:dropped":{"minecraft:bowl":2,"minecraft:wooden_pickaxe":1,"jujutsucraft:uniform_normal_boots":1},"minecraft:custom":{"minecraft:interact_with_furnace":2,"minecraft:mob_kills":22,"minecraft:interact_with_anvil":1,"minecraft:interact_with_crafting_table":3,"minecraft:open_barrel":10,"minecraft:damage_dealt_resisted":4277,"minecraft:time_since_death":6109,"minecraft:damage_resisted":2283,"minecraft:time_since_rest":6134,"minecraft:sprint_one_cm":253822,"minecraft:damage_taken":11853,"minecraft:walk_one_cm":127972,"minecraft:drop":4,"minecraft:damage_dealt":12,"minecraft:swim_one_cm":52923,"minecraft:talked_to_villager":1,"minecraft:fly_one_cm":346591,"minecraft:open_chest":11,"minecraft:crouch_one_cm":154,"minecraft:play_time":51162,"minecraft:deaths":31,"minecraft:sneak_time":123,"minecraft:walk_under_water_one_cm":19259,"minecraft:jump":970,"minecraft:walk_on_water_one_cm":23463,"minecraft:total_world_time":51162,"minecraft:fall_one_cm":77166},"minecraft:killed_by":{"jujutsucraft:cursed_spirit_grade_25":1,"minecraft:player":10,"jujutsucraft:cursed_spirit_grade_07":1,"jujutsucraft:cursed_spirit_grade_213":1,"jujutsucraft:yoshino_junpei":1,"jujutsucraft:cursed_spirit_grade_19":2,"jujutsucraft:cursed_spirit_grade_18":1,"jujutsucraft:fushiguro_megumi":1,"jujutsucraft:cursed_spirit_grade_29":4,"jujutsucraft:curse_user":2,"jujutsucraft:cursed_spirit_grade_02":3,"jujutsucraft:jujutsu_sorcerer":1}},"DataVersion":3465}