{"stats":{"minecraft:mined":{"minecraft:tuff":18,"minecraft:blackstone_stairs":2,"minecraft:mossy_cobblestone":1,"minecraft:blackstone_wall":1,"minecraft:deepslate_diamond_ore":37,"minecraft:nether_brick_wall":3,"minecraft:brewing_stand":1,"minecraft:obsidian":5,"minecraft:nether_bricks":16,"minecraft:grass_block":148,"minecraft:cracked_polished_blackstone_bricks":2,"minecraft:soul_soil":1,"minecraft:moss_block":3,"minecraft:sandstone":8,"minecraft:spawner":2,"minecraft:hay_block":15,"minecraft:large_fern":3,"minecraft:polished_blackstone_bricks":19,"minecraft:black_stained_glass_pane":1,"minecraft:iron_ore":30,"minecraft:fire":1,"minecraft:andesite":36,"minecraft:deepslate_lapis_ore":3,"minecraft:gold_block":16,"minecraft:deepslate_iron_ore":21,"minecraft:rail":1,"minecraft:stone":355,"minecraft:soul_sand":2,"minecraft:blackstone":21,"minecraft:basalt":80,"minecraft:crafting_table":2,"minecraft:torch":1,"minecraft:short_grass":38,"minecraft:stone_slab":1,"minecraft:copper_ore":1,"minecraft:tall_grass":22,"minecraft:cobblestone":14,"minecraft:lapis_ore":4,"minecraft:sugar_cane":4,"minecraft:polished_blackstone_brick_stairs":2,"minecraft:white_terracotta":1,"minecraft:polished_blackstone_stairs":1,"minecraft:birch_log":5,"minecraft:purple_stained_glass":9,"minecraft:oak_log":23,"minecraft:coal_ore":45,"minecraft:gravel":1,"minecraft:dirt":10,"minecraft:sand":41,"minecraft:cobweb":18,"minecraft:oak_leaves":2,"minecraft:deepslate":120,"minecraft:fern":4},"minecraft:dropped":{"minecraft:iron_ingot":4,"minecraft:moss_block":3,"minecraft:porkchop":2,"minecraft:cooked_beef":8,"minecraft:diamond":5,"minecraft:cooked_porkchop":5,"minecraft:diamond_leggings":1,"minecraft:feather":2,"minecraft:cobblestone":3,"minecraft:book":6,"minecraft:rail":1,"minecraft:stick":2,"minecraft:gold_block":22,"minecraft:dirt":19,"minecraft:wooden_sword":2,"minecraft:polished_blackstone_bricks":17,"minecraft:string":2,"minecraft:bone":1,"minecraft:stone_axe":1,"minecraft:blackstone":30,"minecraft:stone_sword":1,"minecraft:cobbled_deepslate":9,"minecraft:tuff":10,"minecraft:obsidian":1,"minecraft:stone_slab":2,"minecraft:cooked_mutton":2,"minecraft:diamond_sword":1,"minecraft:iron_chestplate":1,"projectjjk:cursed_key":7,"minecraft:spider_eye":1,"minecraft:sandstone":5,"minecraft:arrow":5,"minecraft:stone_pickaxe":1},"minecraft:killed_by":{"minecraft:ghast":1,"minecraft:player":17,"minecraft:piglin_brute":2,"projectjjk:cursed_pig_entity":2,"projectjjk:cursed_sheep_entity":3,"minecraft:magma_cube":1,"projectjjk:grade_1_cursed_spirit_1_entity":2,"projectjjk:grade_special_cursed_spirit_1_entity":1,"minecraft:skeleton":2,"projectjjk:grade_2_cursed_spirit_2_entity":1},"minecraft:picked_up":{"minecraft:crafting_table":2,"minecraft:coarse_dirt":1,"minecraft:allium":1,"minecraft:chicken":1,"minecraft:stone_slab":2,"minecraft:lead":1,"minecraft:gold_block":30,"minecraft:chain":1,"minecraft:brewing_stand":1,"minecraft:string":25,"minecraft:moss_carpet":2,"minecraft:wooden_sword":1,"minecraft:armor_stand":2,"minecraft:white_carpet":5,"minecraft:iron_shovel":1,"minecraft:blackstone":56,"minecraft:diamond_leggings":1,"minecraft:cobbled_deepslate":96,"minecraft:beef":6,"minecraft:sugar_cane":5,"minecraft:egg":2,"minecraft:sandstone":10,"minecraft:raw_iron":47,"minecraft:polished_blackstone_stairs":1,"minecraft:oak_door":2,"minecraft:oak_fence":1,"minecraft:torch":1,"minecraft:acacia_log":1,"minecraft:porkchop":2,"minecraft:polished_blackstone_bricks":51,"minecraft:stone_sword":1,"minecraft:arrow":12,"minecraft:rotten_flesh":7,"minecraft:nether_bricks":10,"minecraft:hay_block":15,"minecraft:blackstone_stairs":1,"minecraft:obsidian":7,"minecraft:nether_brick_wall":2,"minecraft:rail":1,"minecraft:cobblestone":256,"minecraft:birch_log":5,"minecraft:cooked_beef":37,"minecraft:feather":3,"minecraft:basalt":74,"minecraft:andesite":6,"minecraft:leather":1,"minecraft:flint":1,"minecraft:tuff":10,"minecraft:oak_log":23,"minecraft:yellow_bed":1,"minecraft:lapis_lazuli":45,"minecraft:dirt":172,"minecraft:cooked_mutton":27,"minecraft:red_carpet":5,"minecraft:bone":1,"minecraft:wheat_seeds":23,"minecraft:stone_pickaxe":1,"projectjjk:cursed_key":10,"minecraft:moss_block":3,"minecraft:oak_planks":2,"minecraft:acacia_sapling":1,"minecraft:book":12,"minecraft:cooked_porkchop":31,"minecraft:dandelion":1,"minecraft:sand":40,"minecraft:amethyst_shard":8,"minecraft:spider_eye":3,"minecraft:mossy_cobblestone":1,"minecraft:diamond":37,"minecraft:stone_axe":1,"minecraft:soul_lantern":2,"minecraft:oak_sapling":1,"minecraft:coal":43},"minecraft:broken":{"minecraft:diamond_chestplate":1,"minecraft:diamond_helmet":1,"minecraft:iron_chestplate":1,"minecraft:diamond_leggings":1,"minecraft:diamond_boots":1,"minecraft:iron_helmet":1},"minecraft:custom":{"minecraft:mob_kills":158,"minecraft:interact_with_crafting_table":24,"minecraft:open_barrel":3,"minecraft:leave_game":4,"minecraft:time_since_death":673,"minecraft:climb_one_cm":52,"minecraft:sprint_one_cm":940186,"minecraft:walk_one_cm":754479,"minecraft:damage_blocked_by_shield":1313,"minecraft:drop":66,"minecraft:talked_to_villager":2,"minecraft:play_time":262257,"minecraft:deaths":46,"minecraft:sneak_time":5370,"minecraft:walk_under_water_one_cm":17509,"minecraft:jump":5475,"minecraft:walk_on_water_one_cm":31894,"minecraft:enchant_item":2,"minecraft:total_world_time":262257,"minecraft:interact_with_furnace":15,"minecraft:sleep_in_bed":5,"minecraft:time_since_rest":722,"minecraft:damage_taken":32022,"minecraft:damage_absorbed":80,"minecraft:damage_dealt":31972,"minecraft:swim_one_cm":9707,"minecraft:fly_one_cm":1341007,"minecraft:player_kills":2,"minecraft:open_chest":33,"minecraft:crouch_one_cm":14839,"minecraft:fall_one_cm":317014},"minecraft:used":{"minecraft:iron_shovel":198,"minecraft:enchanting_table":1,"minecraft:armor_stand":4,"minecraft:chest":1,"minecraft:shield":61,"minecraft:iron_sword":26,"minecraft:oak_door":2,"minecraft:iron_chestplate":1,"minecraft:torch":6,"minecraft:dirt":144,"minecraft:nether_bricks":8,"minecraft:obsidian":1,"minecraft:bookshelf":2,"minecraft:iron_helmet":1,"minecraft:basalt":51,"minecraft:egg":2,"minecraft:cooked_beef":12,"minecraft:cobbled_deepslate":58,"minecraft:cooked_mutton":20,"minecraft:nether_brick_wall":2,"minecraft:diamond_boots":1,"minecraft:blackstone_stairs":1,"minecraft:oak_planks":46,"minecraft:blackstone":1,"minecraft:golden_apple":2,"minecraft:sand":14,"minecraft:crafting_table":5,"minecraft:wooden_hoe":14,"minecraft:diamond_pickaxe":752,"minecraft:bread":46,"minecraft:iron_pickaxe":161,"minecraft:diamond_sword":565,"minecraft:wooden_sword":9,"minecraft:cobblestone":292,"minecraft:cooked_porkchop":14,"minecraft:andesite":6,"minecraft:yellow_bed":1,"minecraft:diamond_leggings":1},"minecraft:killed":{"minecraft:cave_spider":1,"minecraft:vex":1,"minecraft:spider":7,"projectjjk:cursed_sheep_entity":22,"minecraft:skeleton":5,"projectjjk:grade_3_cursed_spirit_2_entity":11,"projectjjk:cursed_pig_entity":28,"minecraft:piglin_brute":2,"projectjjk:grade_2_cursed_spirit_2_entity":3,"minecraft:piglin":5,"projectjjk:grade_3_cursed_spirit_3_entity":10,"projectjjk:grade_3_cursed_spirit_1_entity":14,"projectjjk:grade_1_cursed_spirit_1_entity":4,"minecraft:hoglin":2,"minecraft:creeper":1,"minecraft:pillager":2,"minecraft:zombie":3,"minecraft:ghast":1,"projectjjk:cursed_cow_entity":15,"minecraft:player":1,"projectjjk:grade_2_cursed_spirit_1_entity":6,"minecraft:cow":2},"minecraft:crafted":{"minecraft:wooden_sword":1,"minecraft:smooth_stone":3,"minecraft:oak_planks":92,"minecraft:smooth_stone_slab":6,"minecraft:stone":3,"minecraft:bookshelf":2,"minecraft:diamond_helmet":1,"minecraft:diamond_leggings":1,"minecraft:iron_boots":1,"minecraft:chest":1,"minecraft:diamond_boots":1,"minecraft:wheat":135,"minecraft:diamond_sword":1,"minecraft:crafting_table":3,"minecraft:enchanting_table":1,"minecraft:iron_helmet":2,"minecraft:wooden_pickaxe":1,"minecraft:iron_sword":1,"minecraft:birch_planks":20,"minecraft:bread":45,"minecraft:wooden_hoe":1,"minecraft:iron_chestplate":3,"minecraft:diamond_pickaxe":1,"minecraft:stick":24,"minecraft:iron_ingot":37,"minecraft:iron_leggings":1,"minecraft:armor_stand":2,"minecraft:diamond_chestplate":1}},"DataVersion":3700}