{"stats":{"minecraft:broken":{"minecraft:iron_chestplate":1,"minecraft:iron_helmet":1},"minecraft:crafted":{"minecraft:wooden_sword":1,"minecraft:smooth_stone":3,"minecraft:oak_planks":36,"minecraft:smooth_stone_slab":6,"minecraft:stone":3,"minecraft:diamond_helmet":1,"minecraft:diamond_leggings":1,"minecraft:iron_boots":1,"minecraft:chest":1,"minecraft:diamond_boots":1,"minecraft:wheat":135,"minecraft:diamond_sword":1,"minecraft:crafting_table":3,"minecraft:enchanting_table":1,"minecraft:wooden_pickaxe":1,"minecraft:iron_helmet":2,"minecraft:iron_sword":1,"minecraft:birch_planks":20,"minecraft:bread":45,"minecraft:wooden_hoe":1,"minecraft:iron_chestplate":3,"minecraft:diamond_pickaxe":1,"minecraft:stick":24,"minecraft:iron_ingot":37,"minecraft:iron_leggings":1,"minecraft:armor_stand":2,"minecraft:diamond_chestplate":1},"minecraft:killed":{"minecraft:vex":1,"minecraft:cave_spider":1,"minecraft:spider":2,"projectjjk:cursed_sheep_entity":8,"minecraft:skeleton":3,"projectjjk:grade_3_cursed_spirit_2_entity":4,"projectjjk:cursed_pig_entity":17,"minecraft:piglin_brute":2,"minecraft:piglin":5,"projectjjk:grade_3_cursed_spirit_3_entity":3,"projectjjk:grade_3_cursed_spirit_1_entity":5,"minecraft:hoglin":2,"minecraft:zombie":1,"minecraft:ghast":1,"projectjjk:cursed_cow_entity":10,"projectjjk:grade_2_cursed_spirit_1_entity":1,"minecraft:cow":2},"minecraft:mined":{"minecraft:tuff":18,"minecraft:blackstone_stairs":2,"minecraft:mossy_cobblestone":1,"minecraft:deepslate_diamond_ore":31,"minecraft:blackstone_wall":1,"minecraft:nether_brick_wall":3,"minecraft:obsidian":4,"minecraft:nether_bricks":16,"minecraft:grass_block":8,"minecraft:cracked_polished_blackstone_bricks":2,"minecraft:soul_soil":1,"minecraft:moss_block":3,"minecraft:sandstone":8,"minecraft:spawner":2,"minecraft:large_fern":1,"minecraft:hay_block":15,"minecraft:polished_blackstone_bricks":19,"minecraft:black_stained_glass_pane":1,"minecraft:iron_ore":30,"minecraft:fire":1,"minecraft:andesite":36,"minecraft:deepslate_lapis_ore":3,"minecraft:gold_block":16,"minecraft:deepslate_iron_ore":21,"minecraft:rail":1,"minecraft:stone":352,"minecraft:blackstone":21,"minecraft:soul_sand":2,"minecraft:basalt":80,"minecraft:crafting_table":2,"minecraft:torch":1,"minecraft:short_grass":18,"minecraft:stone_slab":1,"minecraft:tall_grass":4,"minecraft:copper_ore":1,"minecraft:cobblestone":14,"minecraft:polished_blackstone_brick_stairs":2,"minecraft:white_terracotta":1,"minecraft:birch_log":5,"minecraft:polished_blackstone_stairs":1,"minecraft:purple_stained_glass":9,"minecraft:oak_log":9,"minecraft:coal_ore":45,"minecraft:sand":41,"minecraft:gravel":1,"minecraft:dirt":4,"minecraft:cobweb":18,"minecraft:oak_leaves":2,"minecraft:deepslate":109,"minecraft:fern":3},"minecraft:custom":{"minecraft:mob_kills":74,"minecraft:interact_with_crafting_table":22,"minecraft:open_barrel":3,"minecraft:leave_game":2,"minecraft:time_since_death":8958,"minecraft:climb_one_cm":12,"minecraft:sprint_one_cm":640353,"minecraft:walk_one_cm":501882,"minecraft:damage_blocked_by_shield":501,"minecraft:drop":32,"minecraft:play_time":176864,"minecraft:deaths":32,"minecraft:sneak_time":3585,"minecraft:walk_under_water_one_cm":4400,"minecraft:jump":3837,"minecraft:walk_on_water_one_cm":13045,"minecraft:total_world_time":176864,"minecraft:interact_with_furnace":15,"minecraft:sleep_in_bed":5,"minecraft:time_since_rest":9002,"minecraft:damage_taken":18708,"minecraft:damage_absorbed":40,"minecraft:damage_dealt":13598,"minecraft:swim_one_cm":5606,"minecraft:fly_one_cm":929463,"minecraft:open_chest":21,"minecraft:crouch_one_cm":10636,"minecraft:fall_one_cm":200645},"minecraft:picked_up":{"minecraft:crafting_table":2,"minecraft:stone_slab":2,"minecraft:gold_block":30,"minecraft:string":20,"minecraft:moss_carpet":2,"minecraft:wooden_sword":1,"minecraft:armor_stand":2,"minecraft:iron_shovel":1,"minecraft:blackstone":7,"minecraft:diamond_leggings":1,"minecraft:cobbled_deepslate":85,"minecraft:beef":6,"minecraft:sandstone":10,"minecraft:egg":1,"minecraft:raw_iron":47,"minecraft:polished_blackstone_stairs":1,"minecraft:oak_door":2,"minecraft:oak_fence":1,"minecraft:torch":1,"minecraft:polished_blackstone_bricks":17,"minecraft:stone_sword":1,"minecraft:arrow":10,"minecraft:rotten_flesh":5,"minecraft:nether_bricks":10,"minecraft:hay_block":15,"minecraft:blackstone_stairs":1,"minecraft:nether_brick_wall":2,"minecraft:obsidian":6,"minecraft:cobblestone":256,"minecraft:rail":1,"minecraft:birch_log":5,"minecraft:cooked_beef":12,"minecraft:feather":2,"minecraft:basalt":74,"minecraft:andesite":6,"minecraft:leather":1,"minecraft:flint":1,"minecraft:tuff":10,"minecraft:oak_log":9,"minecraft:lapis_lazuli":20,"minecraft:dirt":31,"minecraft:cooked_mutton":9,"minecraft:bone":1,"minecraft:wheat_seeds":3,"minecraft:stone_pickaxe":1,"projectjjk:cursed_key":3,"minecraft:moss_block":3,"minecraft:cooked_porkchop":14,"minecraft:sand":40,"minecraft:spider_eye":1,"minecraft:mossy_cobblestone":1,"minecraft:diamond":31,"minecraft:stone_axe":1,"minecraft:oak_sapling":1,"minecraft:coal":43},"minecraft:killed_by":{"minecraft:ghast":1,"minecraft:player":8,"minecraft:piglin_brute":2,"projectjjk:cursed_pig_entity":2,"projectjjk:cursed_sheep_entity":3,"minecraft:magma_cube":1,"projectjjk:grade_special_cursed_spirit_1_entity":1,"minecraft:skeleton":1},"minecraft:used":{"minecraft:enchanting_table":1,"minecraft:iron_shovel":47,"minecraft:armor_stand":4,"minecraft:chest":1,"minecraft:shield":29,"minecraft:iron_sword":26,"minecraft:iron_chestplate":1,"minecraft:oak_door":2,"minecraft:torch":6,"minecraft:dirt":13,"minecraft:nether_bricks":8,"minecraft:obsidian":1,"minecraft:iron_helmet":1,"minecraft:basalt":51,"minecraft:egg":1,"minecraft:cooked_beef":10,"minecraft:cobbled_deepslate":58,"minecraft:cooked_mutton":3,"minecraft:nether_brick_wall":2,"minecraft:diamond_boots":1,"minecraft:blackstone_stairs":1,"minecraft:golden_apple":1,"minecraft:sand":14,"minecraft:crafting_table":5,"minecraft:wooden_hoe":14,"minecraft:diamond_pickaxe":726,"minecraft:bread":41,"minecraft:iron_pickaxe":161,"minecraft:diamond_sword":244,"minecraft:wooden_sword":9,"minecraft:cobblestone":292,"minecraft:cooked_porkchop":14,"minecraft:andesite":6,"minecraft:yellow_bed":1,"minecraft:diamond_leggings":1},"minecraft:dropped":{"minecraft:iron_ingot":1,"minecraft:moss_block":3,"minecraft:diamond_leggings":1,"minecraft:feather":2,"minecraft:cobblestone":3,"minecraft:rail":1,"minecraft:stick":2,"minecraft:gold_block":22,"minecraft:dirt":18,"minecraft:wooden_sword":2,"minecraft:bone":1,"minecraft:stone_axe":1,"minecraft:blackstone":7,"minecraft:stone_sword":1,"minecraft:cobbled_deepslate":9,"minecraft:tuff":10,"minecraft:obsidian":1,"minecraft:stone_slab":2,"minecraft:iron_chestplate":1,"projectjjk:cursed_key":1,"minecraft:spider_eye":1,"minecraft:sandstone":5,"minecraft:arrow":5,"minecraft:stone_pickaxe":1}},"DataVersion":3700}