{"stats":{"minecraft:mined":{"minecraft:decorated_pot":1,"minecraft:tnt":2},"minecraft:picked_up":{"minecraft:tnt":2,"minecraft:decorated_pot":1},"minecraft:killed":{"jujutsucraft:cursed_spirit_grade_321":1},"minecraft:used":{"jujutsucraft:clothes_zenin_boots":2,"farmersdelight:flint_knife":1,"jujutsucraft:uniform_normal_leggings":1,"jujutsucraft:clothes_fushiguro_toji_leggings":2,"jujutsucraft:uniform_normal_boots":1,"jujutsucraft:clothes_sukuna_fushiguro_chestplate":1,"jujutsucraft:uniform_normal_chestplate":1},"minecraft:dropped":{"jujutsucraft:uniform_normal_boots":1},"minecraft:killed_by":{"jujutsucraft:curse_user":1},"minecraft:custom":{"minecraft:open_barrel":4,"minecraft:open_chest":1,"minecraft:time_since_rest":910,"minecraft:interact_with_furnace":1,"minecraft:play_time":9162,"minecraft:sprint_one_cm":11820,"minecraft:deaths":2,"minecraft:damage_taken":738,"minecraft:walk_one_cm":23201,"minecraft:walk_under_water_one_cm":1474,"minecraft:mob_kills":1,"minecraft:drop":1,"minecraft:damage_dealt_resisted":234,"minecraft:jump":79,"minecraft:time_since_death":885,"minecraft:walk_on_water_one_cm":556,"minecraft:total_world_time":9162,"minecraft:swim_one_cm":1463,"minecraft:fall_one_cm":12440,"minecraft:fly_one_cm":9676}},"DataVersion":3465}