{"stats":{"minecraft:broken":{"minecraft:iron_chestplate":1,"minecraft:iron_helmet":1},"minecraft:crafted":{"minecraft:wooden_sword":1,"minecraft:oak_planks":36,"minecraft:diamond_helmet":1,"minecraft:wheat":135,"minecraft:diamond_sword":1,"minecraft:crafting_table":2,"minecraft:enchanting_table":1,"minecraft:wooden_pickaxe":1,"minecraft:iron_helmet":1,"minecraft:iron_sword":1,"minecraft:bread":45,"minecraft:wooden_hoe":1,"minecraft:iron_chestplate":2,"minecraft:diamond_pickaxe":1,"minecraft:stick":12,"minecraft:iron_ingot":13},"minecraft:killed":{"minecraft:vex":1,"minecraft:cave_spider":1,"minecraft:spider":2,"projectjjk:cursed_sheep_entity":6,"minecraft:skeleton":3,"projectjjk:grade_3_cursed_spirit_2_entity":2,"projectjjk:cursed_pig_entity":15,"minecraft:piglin_brute":2,"minecraft:piglin":5,"projectjjk:grade_3_cursed_spirit_3_entity":2,"projectjjk:grade_3_cursed_spirit_1_entity":4,"minecraft:hoglin":2,"minecraft:zombie":1,"minecraft:ghast":1,"projectjjk:cursed_cow_entity":9,"projectjjk:grade_2_cursed_spirit_1_entity":1,"minecraft:cow":2},"minecraft:mined":{"minecraft:tuff":15,"minecraft:blackstone_stairs":2,"minecraft:mossy_cobblestone":1,"minecraft:deepslate_diamond_ore":10,"minecraft:blackstone_wall":1,"minecraft:nether_brick_wall":3,"minecraft:obsidian":4,"minecraft:nether_bricks":16,"minecraft:grass_block":7,"minecraft:cracked_polished_blackstone_bricks":2,"minecraft:soul_soil":1,"minecraft:moss_block":3,"minecraft:spawner":2,"minecraft:large_fern":1,"minecraft:hay_block":15,"minecraft:polished_blackstone_bricks":19,"minecraft:black_stained_glass_pane":1,"minecraft:iron_ore":30,"minecraft:fire":1,"minecraft:andesite":36,"minecraft:gold_block":16,"minecraft:deepslate_iron_ore":21,"minecraft:rail":1,"minecraft:stone":351,"minecraft:blackstone":21,"minecraft:soul_sand":2,"minecraft:basalt":80,"minecraft:crafting_table":2,"minecraft:torch":1,"minecraft:short_grass":18,"minecraft:stone_slab":1,"minecraft:tall_grass":3,"minecraft:copper_ore":1,"minecraft:cobblestone":12,"minecraft:polished_blackstone_brick_stairs":2,"minecraft:white_terracotta":1,"minecraft:polished_blackstone_stairs":1,"minecraft:purple_stained_glass":9,"minecraft:oak_log":9,"minecraft:coal_ore":45,"minecraft:gravel":1,"minecraft:dirt":4,"minecraft:cobweb":18,"minecraft:oak_leaves":2,"minecraft:deepslate":91,"minecraft:fern":3},"minecraft:custom":{"minecraft:mob_kills":63,"minecraft:interact_with_crafting_table":16,"minecraft:open_barrel":3,"minecraft:leave_game":2,"minecraft:time_since_death":15677,"minecraft:climb_one_cm":12,"minecraft:sprint_one_cm":495606,"minecraft:walk_one_cm":442628,"minecraft:damage_blocked_by_shield":379,"minecraft:drop":27,"minecraft:play_time":146864,"minecraft:deaths":28,"minecraft:sneak_time":3520,"minecraft:walk_under_water_one_cm":4182,"minecraft:jump":2938,"minecraft:walk_on_water_one_cm":11004,"minecraft:total_world_time":146864,"minecraft:interact_with_furnace":10,"minecraft:sleep_in_bed":5,"minecraft:time_since_rest":2478,"minecraft:damage_taken":16048,"minecraft:damage_absorbed":40,"minecraft:damage_dealt":11526,"minecraft:fly_one_cm":705855,"minecraft:open_chest":18,"minecraft:crouch_one_cm":10316,"minecraft:fall_one_cm":172366},"minecraft:picked_up":{"minecraft:crafting_table":2,"minecraft:stone_slab":2,"minecraft:gold_block":30,"minecraft:string":20,"minecraft:moss_carpet":2,"minecraft:wooden_sword":1,"minecraft:iron_shovel":1,"minecraft:blackstone":7,"minecraft:cobbled_deepslate":67,"minecraft:beef":6,"minecraft:egg":1,"minecraft:raw_iron":47,"minecraft:polished_blackstone_stairs":1,"minecraft:oak_door":2,"minecraft:oak_fence":1,"minecraft:torch":1,"minecraft:polished_blackstone_bricks":17,"minecraft:stone_sword":1,"minecraft:arrow":10,"minecraft:rotten_flesh":5,"minecraft:nether_bricks":10,"minecraft:hay_block":15,"minecraft:blackstone_stairs":1,"minecraft:nether_brick_wall":2,"minecraft:obsidian":6,"minecraft:cobblestone":252,"minecraft:rail":1,"minecraft:cooked_beef":10,"minecraft:feather":2,"minecraft:basalt":74,"minecraft:andesite":6,"minecraft:leather":1,"minecraft:flint":1,"minecraft:tuff":10,"minecraft:oak_log":9,"minecraft:dirt":31,"minecraft:cooked_mutton":7,"minecraft:bone":1,"minecraft:wheat_seeds":3,"minecraft:stone_pickaxe":1,"projectjjk:cursed_key":3,"minecraft:moss_block":3,"minecraft:cooked_porkchop":14,"minecraft:spider_eye":1,"minecraft:mossy_cobblestone":1,"minecraft:diamond":11,"minecraft:stone_axe":1,"minecraft:oak_sapling":1,"minecraft:coal":43},"minecraft:killed_by":{"minecraft:ghast":1,"minecraft:player":6,"minecraft:piglin_brute":2,"projectjjk:cursed_pig_entity":2,"projectjjk:cursed_sheep_entity":3,"minecraft:magma_cube":1,"minecraft:skeleton":1},"minecraft:used":{"minecraft:enchanting_table":1,"minecraft:iron_shovel":10,"minecraft:shield":21,"minecraft:iron_sword":20,"minecraft:iron_chestplate":1,"minecraft:oak_door":2,"minecraft:torch":6,"minecraft:dirt":13,"minecraft:nether_bricks":8,"minecraft:obsidian":1,"minecraft:iron_helmet":1,"minecraft:basalt":51,"minecraft:egg":1,"minecraft:cobbled_deepslate":58,"minecraft:cooked_mutton":3,"minecraft:nether_brick_wall":2,"minecraft:golden_apple":1,"minecraft:crafting_table":4,"minecraft:wooden_hoe":14,"minecraft:diamond_pickaxe":662,"minecraft:bread":41,"minecraft:iron_pickaxe":161,"minecraft:diamond_sword":211,"minecraft:wooden_sword":9,"minecraft:cobblestone":292,"minecraft:cooked_porkchop":14,"minecraft:andesite":6,"minecraft:yellow_bed":1},"minecraft:dropped":{"minecraft:iron_ingot":1,"minecraft:moss_block":3,"minecraft:feather":2,"minecraft:cobblestone":2,"minecraft:rail":1,"minecraft:gold_block":22,"minecraft:dirt":18,"minecraft:wooden_sword":2,"minecraft:bone":1,"minecraft:stone_axe":1,"minecraft:blackstone":7,"minecraft:stone_sword":1,"minecraft:cobbled_deepslate":9,"minecraft:tuff":10,"minecraft:obsidian":1,"minecraft:stone_slab":2,"projectjjk:cursed_key":1,"minecraft:spider_eye":1,"minecraft:arrow":5,"minecraft:stone_pickaxe":1}},"DataVersion":3700}