{"stats":{"minecraft:crafted":{"regions_unexplored:joshua_planks":20},"minecraft:broken":{"minecraft:diamond_helmet":1},"minecraft:mined":{"supplementaries:book_pile":1,"minecraft:tnt":3,"regions_unexplored:joshua_log":5,"minecraft:decorated_pot":3,"minecraft:cobweb":1},"minecraft:picked_up":{"minecraft:book":2,"minecraft:sandstone":1,"minecraft:stone":1,"minecraft:bowl":1,"minecraft:enchanted_book":4,"minecraft:sand":3,"minecraft:amethyst_block":2,"minecraft:string":3,"minecraft:brown_carpet":3,"minecraft:tnt":3,"minecraft:bundle":2,"minecraft:acacia_planks":1,"regions_unexplored:joshua_log":5,"minecraft:decorated_pot":3,"minecraft:light_gray_carpet":1},"minecraft:used":{"jujutsucraft:clothes_zenin_boots":2,"minecraft:decorated_pot":2,"minecraft:sandstone":1,"jujutsucraft:uniform_normal_boots":1,"jujutsucraft:clothes_sukuna_fushiguro_chestplate":1,"minecraft:enchanted_book":2,"farmersdelight:flint_knife":4,"minecraft:mushroom_stew":1,"jujutsucraft:uniform_normal_leggings":1,"jujutsucraft:clothes_fushiguro_toji_leggings":3,"minecraft:acacia_planks":1,"jujutsucraft:uniform_normal_chestplate":1,"minecraft:experience_bottle":12},"minecraft:killed":{"jujutsucraft:mimiko":1,"jujutsucraft:cursed_spirit_grade_32":1,"jujutsucraft:cursed_spirit_grade_39":1,"jujutsucraft:cursed_spirit_grade_315":1,"jujutsucraft:q":1,"jujutsucraft:cursed_spirit_grade_321":2},"minecraft:dropped":{"minecraft:bowl":1,"jujutsucraft:uniform_normal_boots":1},"minecraft:killed_by":{"minecraft:player":2,"jujutsucraft:cursed_spirit_grade_29":2,"jujutsucraft:curse_user":1,"jujutsucraft:jujutsu_sorcerer":1},"minecraft:custom":{"minecraft:time_since_rest":5362,"minecraft:interact_with_furnace":2,"minecraft:sprint_one_cm":88039,"minecraft:damage_taken":2782,"minecraft:walk_one_cm":58541,"minecraft:interact_with_anvil":1,"minecraft:mob_kills":8,"minecraft:drop":2,"minecraft:damage_dealt":12,"minecraft:swim_one_cm":8694,"minecraft:fly_one_cm":42406,"minecraft:open_barrel":7,"minecraft:open_chest":11,"minecraft:crouch_one_cm":63,"minecraft:play_time":21162,"minecraft:deaths":7,"minecraft:sneak_time":82,"minecraft:walk_under_water_one_cm":2470,"minecraft:jump":216,"minecraft:damage_dealt_resisted":1407,"minecraft:walk_on_water_one_cm":8348,"minecraft:time_since_death":5338,"minecraft:total_world_time":21162,"minecraft:damage_resisted":23,"minecraft:fall_one_cm":19971}},"DataVersion":3465}