{
  "iceandfire:iceandfire/root": {
    "criteria": {
      "tick": "2024-11-05 17:45:41 +0000"
    },
    "done": true
  },
  "jujutsucraft:jujutsu_craft_skills": {
    "criteria": {
      "jujutsu_craft_skills_0": "2024-11-05 17:45:41 +0000"
    },
    "done": true
  },
  "idas:idas_root": {
    "criteria": {
      "always": "2024-11-05 17:45:41 +0000"
    },
    "done": true
  },
  "jujutsucraft:skill_divine_dog_totality": {
    "criteria": {
      "skill_divine_dog_totality_0": "2024-11-05 17:45:41 +0000"
    },
    "done": true
  },
  "minecraft:unlock_deep_pockets_book": {
    "criteria": {
      "exists": "2024-11-05 17:45:41 +0000"
    },
    "done": true
  },
  "friendsandfoes:misc/yellow_dye_from_buttercup": {
    "criteria": {
      "has_the_recipe": "2024-11-05 17:45:41 +0000"
    },
    "done": true
  },
  "farmersdelight:main/root": {
    "criteria": {
      "seeds": "2024-11-05 17:45:41 +0000"
    },
    "done": true
  },
  "create:root": {
    "criteria": {
      "0": "2024-11-05 17:45:41 +0000"
    },
    "done": true
  },
  "jujutsucraft:skill_merged_beast_agito": {
    "criteria": {
      "skill_merged_beast_agito_0": "2024-11-05 17:45:41 +0000"
    },
    "done": true
  },
  "jujutsucraft:battle_advancements": {
    "criteria": {
      "battle_advancements_0": "2024-11-05 17:45:41 +0000"
    },
    "done": true
  },
  "mowziesmobs:root": {
    "criteria": {
      "custom_test_name": "2024-11-05 17:45:41 +0000"
    },
    "done": true
  },
  "jujutsucraft:start_jujutsu_craft": {
    "criteria": {
      "start_jujutsu_craft_0": "2024-11-05 17:45:41 +0000"
    },
    "done": true
  },
  "integrated_villages:integrated_villages_root": {
    "criteria": {
      "always": "2024-11-05 17:45:41 +0000"
    },
    "done": true
  },
  "betternether:root": {
    "criteria": {
      "welcome": "2024-11-05 17:45:42 +0000"
    },
    "done": true
  },
  "betterend:root": {
    "criteria": {
      "welcome": "2024-11-05 17:45:42 +0000"
    },
    "done": true
  },
  "regions_unexplored:regions_explored": {
    "criteria": {
      "mauve_hills": "2024-11-05 18:57:59 +0000",
      "arid_mountains": "2024-11-05 18:51:18 +0000",
      "dry_bushland": "2024-11-05 17:49:08 +0000",
      "steppe": "2024-11-05 17:46:53 +0000",
      "rocky_meadow": "2024-11-05 18:53:58 +0000",
      "tropical_river": "2024-11-05 18:16:54 +0000",
      "eucalyptus_forest": "2024-11-05 19:24:30 +0000",
      "magnolia_highlands": "2024-11-05 18:54:16 +0000",
      "outback": "2024-11-05 18:47:22 +0000",
      "joshua_desert": "2024-11-05 17:45:42 +0000",
      "saguaro_desert": "2024-11-05 18:25:50 +0000",
      "baobab_savanna": "2024-11-05 19:21:10 +0000",
      "rainforest": "2024-11-05 17:48:55 +0000"
    },
    "done": false
  },
  "regions_unexplored:pioneer": {
    "criteria": {
      "mauve_hills": "2024-11-05 18:57:59 +0000",
      "arid_mountains": "2024-11-05 18:51:18 +0000",
      "dry_bushland": "2024-11-05 17:49:08 +0000",
      "steppe": "2024-11-05 17:46:53 +0000",
      "rocky_meadow": "2024-11-05 18:53:58 +0000",
      "tropical_river": "2024-11-05 18:16:54 +0000",
      "eucalyptus_forest": "2024-11-05 19:24:30 +0000",
      "magnolia_highlands": "2024-11-05 18:54:16 +0000",
      "outback": "2024-11-05 18:47:22 +0000",
      "joshua_desert": "2024-11-05 17:45:42 +0000",
      "saguaro_desert": "2024-11-05 18:25:50 +0000",
      "baobab_savanna": "2024-11-05 19:21:10 +0000",
      "rainforest": "2024-11-05 17:48:55 +0000"
    },
    "done": false
  },
  "regions_unexplored:parent": {
    "criteria": {
      "load_in_world": "2024-11-05 17:45:42 +0000"
    },
    "done": true
  },
  "jujutsucraft:skill_ten_shadows_technique": {
    "criteria": {
      "skill_ten_shadows_technique_0": "2024-11-05 17:46:30 +0000"
    },
    "done": true
  },
  "jujutsucraft:skill_divine_dogs": {
    "criteria": {
      "skill_divine_dogs_0": "2024-11-05 17:46:30 +0000"
    },
    "done": true
  },
  "jujutsucraft:advancement_insect": {
    "criteria": {
      "advancement_insect_0": "2024-11-05 17:46:39 +0000"
    },
    "done": true
  },
  "minecraft:adventure/root": {
    "criteria": {
      "killed_something": "2024-11-05 17:46:55 +0000"
    },
    "done": true
  },
  "jujutsucraft:skill_round_deer": {
    "criteria": {
      "skill_round_deer_0": "2024-11-05 17:47:59 +0000"
    },
    "done": true
  },
  "farmersdelight:main/craft_knife": {
    "criteria": {
      "flint_knife": "2024-11-05 17:48:24 +0000"
    },
    "done": true
  },
  "regions_unexplored:this_tree_bleeds_red": {
    "criteria": {
      "socotra_log": "2024-11-05 17:49:35 +0000"
    },
    "done": true
  },
  "regions_unexplored:got_wood": {
    "criteria": {
      "joshua_log": "2024-11-05 19:05:09 +0000",
      "socotra_log": "2024-11-05 17:49:35 +0000"
    },
    "done": false
  },
  "dimensionalpocketsii:pocket/root": {
    "criteria": {
      "craft": "2024-11-05 17:59:44 +0000"
    },
    "done": true
  },
  "minecraft:story/root": {
    "criteria": {
      "crafting_table": "2024-11-05 17:59:44 +0000"
    },
    "done": true
  },
  "jujutsucraft:fame_3": {
    "criteria": {
      "fame_3_0": "2024-11-05 18:01:15 +0000"
    },
    "done": true
  },
  "jujutsucraft:fame_4": {
    "criteria": {
      "fame_4_0": "2024-11-05 18:01:15 +0000"
    },
    "done": true
  },
  "jujutsucraft:reverse_cursed_technique_1": {
    "criteria": {
      "reverse_cursed_technique_1_0": "2024-11-05 18:06:14 +0000"
    },
    "done": true
  },
  "jujutsucraft:skill_cleave": {
    "criteria": {
      "skill_cleave_0": "2024-11-05 18:08:03 +0000"
    },
    "done": true
  },
  "jujutsucraft:skill_dismantle": {
    "criteria": {
      "skill_dismantle_0": "2024-11-05 18:08:03 +0000"
    },
    "done": true
  },
  "jujutsucraft:skill_sukuna": {
    "criteria": {
      "skill_sukuna_0": "2024-11-05 18:08:03 +0000"
    },
    "done": true
  },
  "jujutsucraft:skill_rabbit_escape": {
    "criteria": {
      "skill_rabbit_escape_0": "2024-11-05 18:09:21 +0000"
    },
    "done": true
  },
  "jujutsucraft:sorcerer_grade_4": {
    "criteria": {
      "sorcerer_grade_4_0": "2024-11-05 18:09:34 +0000"
    },
    "done": true
  },
  "hopo:minecraft/adventure/all_mineshaft": {
    "criteria": {
      "locate_acacia_mineshaft": "2024-11-05 18:17:22 +0000"
    },
    "done": false
  },
  "hopo:minecraft/adventure/locate_mineshaft": {
    "criteria": {
      "locate_acacia_mineshaft": "2024-11-05 18:17:22 +0000"
    },
    "done": true
  },
  "spelunkery:recipes/stick": {
    "criteria": {
      "has_item": "2024-11-05 18:19:04 +0000"
    },
    "done": true
  },
  "minecraft:story/mine_stone": {
    "criteria": {
      "get_stone": "2024-11-05 18:19:24 +0000"
    },
    "done": true
  },
  "minecraft:story/upgrade_tools": {
    "criteria": {
      "stone_pickaxe": "2024-11-05 18:20:42 +0000"
    },
    "done": true
  },
  "biomemakeover:biomemakeover/root": {
    "criteria": {
      "enter_badlands": "2024-11-05 18:23:35 +0000"
    },
    "done": true
  },
  "biomemakeover:biomemakeover/enter_badlands": {
    "criteria": {
      "enter_badlands1": "2024-11-05 18:23:35 +0000"
    },
    "done": true
  },
  "minecraft:adventure/adventuring_time": {
    "criteria": {
      "minecraft:snowy_slopes": "2024-11-05 20:06:23 +0000",
      "minecraft:deep_ocean": "2024-11-05 20:09:49 +0000",
      "minecraft:badlands": "2024-11-05 18:23:35 +0000",
      "minecraft:savanna_plateau": "2024-11-05 19:42:46 +0000",
      "minecraft:stony_peaks": "2024-11-05 18:54:24 +0000",
      "minecraft:river": "2024-11-05 23:20:10 +0000",
      "minecraft:stony_shore": "2024-11-05 20:06:41 +0000",
      "minecraft:jagged_peaks": "2024-11-05 20:05:41 +0000",
      "minecraft:cold_ocean": "2024-11-05 20:11:54 +0000",
      "minecraft:deep_cold_ocean": "2024-11-05 20:10:42 +0000",
      "minecraft:ocean": "2024-11-05 20:07:19 +0000",
      "minecraft:plains": "2024-11-05 20:06:25 +0000"
    },
    "done": false
  },
  "ars_additions:find_ruined_portal": {
    "criteria": {
      "find_ruined_portal": "2024-11-05 18:25:54 +0000"
    },
    "done": true
  },
  "jujutsucraft:skill_toad": {
    "criteria": {
      "skill_toad_0": "2024-11-05 18:49:21 +0000"
    },
    "done": true
  },
  "mowziesmobs:kill_umvuthana_raptor": {
    "criteria": {
      "umvuthana_raptor": "2024-11-05 18:52:41 +0000"
    },
    "done": true
  },
  "spelunkery:recipes/raw_iron": {
    "criteria": {
      "has_item": "2024-11-05 18:56:02 +0000"
    },
    "done": true
  },
  "spelunkery:recipes/coal": {
    "criteria": {
      "has_item": "2024-11-05 18:56:32 +0000"
    },
    "done": true
  },
  "minecraft:adventure/sleep_in_bed": {
    "criteria": {
      "slept_in_bed": "2024-11-05 19:02:03 +0000"
    },
    "done": true
  },
  "jujutsucraft:skill_tiger_funeral": {
    "criteria": {
      "skill_tiger_funeral_0": "2024-11-05 19:09:31 +0000"
    },
    "done": true
  },
  "jujutsucraft:sorcerer_grade_3": {
    "criteria": {
      "sorcerer_grade_3_0": "2024-11-05 19:20:57 +0000"
    },
    "done": true
  },
  "jujutsucraft:reverse_cursed_technique_2": {
    "criteria": {
      "reverse_cursed_technique_2_0": "2024-11-05 19:21:22 +0000"
    },
    "done": true
  },
  "jujutsucraft:fame_2": {
    "criteria": {
      "fame_2_0": "2024-11-05 19:21:46 +0000"
    },
    "done": true
  },
  "minecraft:story/obtain_armor": {
    "criteria": {
      "iron_chestplate": "2024-11-05 19:26:50 +0000"
    },
    "done": true
  },
  "minecraft:story/smelt_iron": {
    "criteria": {
      "iron": "2024-11-05 19:26:56 +0000"
    },
    "done": true
  },
  "create_enchantment_industry:experienced_engineer": {
    "criteria": {
      "have_experience_nugget": "2024-11-05 19:28:06 +0000"
    },
    "done": true
  },
  "create_enchantment_industry:recipes/experience_rotor": {
    "criteria": {
      "has_item": "2024-11-05 19:28:06 +0000"
    },
    "done": true
  },
  "minecraft:story/iron_tools": {
    "criteria": {
      "iron_pickaxe": "2024-11-05 19:49:32 +0000"
    },
    "done": true
  },
  "jujutsucraft:skill_great_serpent": {
    "criteria": {
      "skill_great_serpent_0": "2024-11-05 20:21:32 +0000"
    },
    "done": true
  },
  "jujutsucraft:skill_nue": {
    "criteria": {
      "skill_nue_0": "2024-11-05 20:25:34 +0000"
    },
    "done": true
  },
  "netherexp:nether/overkill": {
    "criteria": {
      "overkill": "2024-11-05 20:27:20 +0000"
    },
    "done": true
  },
  "alexsmobs:alexsmobs/guster": {
    "criteria": {
      "killed": "2024-11-05 20:34:28 +0000"
    },
    "done": true
  },
  "jujutsucraft:skill_max_elephant": {
    "criteria": {
      "skill_max_elephant_0": "2024-11-05 20:41:50 +0000"
    },
    "done": true
  },
  "jujutsucraft:advancement_six_eyes": {
    "criteria": {
      "advancement_six_eyes_0": "2024-11-05 22:45:02 +0000"
    },
    "done": true
  },
  "jujutsucraft:update": {
    "criteria": {
      "update_0": "2024-11-05 23:29:20 +0000"
    },
    "done": true
  },
  "jujutsucraft:sorcerer_grade_2_semi": {
    "criteria": {
      "sorcerer_grade_2_semi_0": "2024-11-05 23:26:58 +0000"
    },
    "done": true
  },
  "jujutsucraft:skill_piercing_ox": {
    "criteria": {
      "skill_piercing_ox_0": "2024-11-05 23:31:18 +0000"
    },
    "done": true
  },
  "jujutsucraft:skill_nue_titan": {
    "criteria": {
      "skill_nue_titan_0": "2024-11-05 23:26:58 +0000"
    },
    "done": true
  },
  "jujutsucraft:battle_panda": {
    "criteria": {
      "battle_panda_0": "2024-11-05 23:37:41 +0000"
    },
    "done": true
  },
  "minecraft:story/shiny_gear": {
    "criteria": {
      "diamond_boots": "2024-11-05 23:08:14 +0000"
    },
    "done": true
  },
  "dimensionalpocketsii:pocket/material": {
    "criteria": {
      "materials": "2024-11-05 23:16:47 +0000"
    },
    "done": true
  },
  "jujutsucraft:junpei_yoshino": {
    "criteria": {
      "junpei_yoshino_0": "2024-11-05 23:11:24 +0000"
    },
    "done": true
  },
  "DataVersion": 3465
}