{
  "iceandfire:iceandfire/root": {
    "criteria": {
      "tick": "2024-11-05 17:45:41 +0000"
    },
    "done": true
  },
  "jujutsucraft:jujutsu_craft_skills": {
    "criteria": {
      "jujutsu_craft_skills_0": "2024-11-05 17:45:41 +0000"
    },
    "done": true
  },
  "idas:idas_root": {
    "criteria": {
      "always": "2024-11-05 17:45:41 +0000"
    },
    "done": true
  },
  "jujutsucraft:skill_divine_dog_totality": {
    "criteria": {
      "skill_divine_dog_totality_0": "2024-11-05 17:45:41 +0000"
    },
    "done": true
  },
  "minecraft:unlock_deep_pockets_book": {
    "criteria": {
      "exists": "2024-11-05 17:45:41 +0000"
    },
    "done": true
  },
  "friendsandfoes:misc/yellow_dye_from_buttercup": {
    "criteria": {
      "has_the_recipe": "2024-11-05 17:45:41 +0000"
    },
    "done": true
  },
  "farmersdelight:main/root": {
    "criteria": {
      "seeds": "2024-11-05 17:45:41 +0000"
    },
    "done": true
  },
  "create:root": {
    "criteria": {
      "0": "2024-11-05 17:45:41 +0000"
    },
    "done": true
  },
  "jujutsucraft:skill_merged_beast_agito": {
    "criteria": {
      "skill_merged_beast_agito_0": "2024-11-05 17:45:41 +0000"
    },
    "done": true
  },
  "jujutsucraft:battle_advancements": {
    "criteria": {
      "battle_advancements_0": "2024-11-05 17:45:41 +0000"
    },
    "done": true
  },
  "mowziesmobs:root": {
    "criteria": {
      "custom_test_name": "2024-11-05 17:45:41 +0000"
    },
    "done": true
  },
  "jujutsucraft:start_jujutsu_craft": {
    "criteria": {
      "start_jujutsu_craft_0": "2024-11-05 17:45:41 +0000"
    },
    "done": true
  },
  "integrated_villages:integrated_villages_root": {
    "criteria": {
      "always": "2024-11-05 17:45:41 +0000"
    },
    "done": true
  },
  "betternether:root": {
    "criteria": {
      "welcome": "2024-11-05 17:45:42 +0000"
    },
    "done": true
  },
  "betterend:root": {
    "criteria": {
      "welcome": "2024-11-05 17:45:42 +0000"
    },
    "done": true
  },
  "regions_unexplored:regions_explored": {
    "criteria": {
      "dry_bushland": "2024-11-05 17:49:08 +0000",
      "steppe": "2024-11-05 17:46:53 +0000",
      "joshua_desert": "2024-11-05 17:45:42 +0000",
      "rainforest": "2024-11-05 17:48:55 +0000"
    },
    "done": false
  },
  "regions_unexplored:pioneer": {
    "criteria": {
      "dry_bushland": "2024-11-05 17:49:08 +0000",
      "steppe": "2024-11-05 17:46:53 +0000",
      "joshua_desert": "2024-11-05 17:45:42 +0000",
      "rainforest": "2024-11-05 17:48:55 +0000"
    },
    "done": false
  },
  "regions_unexplored:parent": {
    "criteria": {
      "load_in_world": "2024-11-05 17:45:42 +0000"
    },
    "done": true
  },
  "jujutsucraft:skill_ten_shadows_technique": {
    "criteria": {
      "skill_ten_shadows_technique_0": "2024-11-05 17:46:30 +0000"
    },
    "done": true
  },
  "jujutsucraft:skill_divine_dogs": {
    "criteria": {
      "skill_divine_dogs_0": "2024-11-05 17:46:30 +0000"
    },
    "done": true
  },
  "jujutsucraft:update": {
    "criteria": {
      "update_0": "2024-11-05 17:59:44 +0000"
    },
    "done": true
  },
  "jujutsucraft:advancement_insect": {
    "criteria": {
      "advancement_insect_0": "2024-11-05 17:46:39 +0000"
    },
    "done": true
  },
  "minecraft:adventure/root": {
    "criteria": {
      "killed_something": "2024-11-05 17:46:55 +0000"
    },
    "done": true
  },
  "jujutsucraft:skill_round_deer": {
    "criteria": {
      "skill_round_deer_0": "2024-11-05 17:47:59 +0000"
    },
    "done": true
  },
  "farmersdelight:main/craft_knife": {
    "criteria": {
      "flint_knife": "2024-11-05 17:48:24 +0000"
    },
    "done": true
  },
  "regions_unexplored:this_tree_bleeds_red": {
    "criteria": {
      "socotra_log": "2024-11-05 17:49:35 +0000"
    },
    "done": true
  },
  "regions_unexplored:got_wood": {
    "criteria": {
      "socotra_log": "2024-11-05 17:49:35 +0000"
    },
    "done": false
  },
  "dimensionalpocketsii:pocket/root": {
    "criteria": {
      "craft": "2024-11-05 17:59:44 +0000"
    },
    "done": true
  },
  "minecraft:story/root": {
    "criteria": {
      "crafting_table": "2024-11-05 17:59:44 +0000"
    },
    "done": true
  },
  "DataVersion": 3465
}